category,institution,quarter,quarter_end_date,stock_ticker,stock_company,action,value_change_usd_mn,pct_change,notes,timing_known
Core Smart Money,Berkshire Hathaway,Q1 2025,2025-03-31,AAPL,Apple,Held,,0,最大持仓 $66.6B (25.65%)，未减仓,披露日: 2025-05-15
Core Smart Money,Berkshire Hathaway,Q1 2025,2025-03-31,BAC,Bank of America,Held,,0,持仓 $26.4B，未有重大变动,披露日: 2025-05-15
Core Smart Money,Berkshire Hathaway,Q1 2025,2025-03-31,CVX,Chevron,Held,,0,持仓 $19.8B,披露日: 2025-05-15
Core Smart Money,Berkshire Hathaway,Q1 2025,2025-03-31,OXY,Occidental Petroleum,Held,,0,持续持有能源仓位,披露日: 2025-05-15
Core Smart Money,Berkshire Hathaway,Q2 2025,2025-06-30,AAPL,Apple,Reduced,-3500,-6.7,卖出2000万股至2.8亿股，仓位降至$57.45B,披露日: 2025-08-14
Core Smart Money,Berkshire Hathaway,Q2 2025,2025-06-30,BAC,Bank of America,Reduced,-1100,-4.2,卖出2630万股，仓位$28.64B,披露日: 2025-08-14
Core Smart Money,Berkshire Hathaway,Q2 2025,2025-06-30,CVX,Chevron,Added,,+2.9,加仓345万股，仓位$17.48B,披露日: 2025-08-14
Core Smart Money,Berkshire Hathaway,Q2 2025,2025-06-30,STZ,Constellation Brands,Added,,+11.6,加仓139万股，仓位$2.18B,披露日: 2025-08-14
Core Smart Money,Berkshire Hathaway,Q3 2025,2025-09-30,GOOGL,Alphabet Class A,Added,4300,,新/加仓1785万股，仓位增至$4.3B,披露日: 2025-11-14
Core Smart Money,Berkshire Hathaway,Q3 2025,2025-09-30,AAPL,Apple,Reduced,-9600,,再减4180万股，约96亿美元,披露日: 2025-11-14
Core Smart Money,Berkshire Hathaway,Q3 2025,2025-09-30,BAC,Bank of America,Reduced,-1800,,再减3720万股,披露日: 2025-11-14
Core Smart Money,Berkshire Hathaway,Q3 2025,2025-09-30,BYD,BYD Company,Exited,,-100,完全清仓中国电动车,披露日: 2025-11-14
Core Smart Money,Berkshire Hathaway,Q3 2025,2025-09-30,CB,Chubb,Added,,,加仓430万股,披露日: 2025-11-14
Core Smart Money,Berkshire Hathaway,Q3 2025,2025-09-30,DPZ,Domino's Pizza,Added,,,小幅加仓,披露日: 2025-11-14
Core Smart Money,Berkshire Hathaway,Q3 2025,2025-09-30,SIRI,Sirius XM,Added,,,小幅加仓,披露日: 2025-11-14
Core Smart Money,BlackRock,Q1 2025,2025-03-31,NVDA,NVIDIA,Held,,0,被动指数最大持仓；Q1仓位维持,披露日: 2025-05-15
Core Smart Money,BlackRock,Q1 2025,2025-03-31,AAPL,Apple,Held,,0,第二大持仓稳定,披露日: 2025-05-15
Core Smart Money,BlackRock,Q1 2025,2025-03-31,MSFT,Microsoft,Held,,0,第三大持仓,披露日: 2025-05-15
Core Smart Money,BlackRock,Q2 2025,2025-06-30,NVDA,NVIDIA,Held,,0,指数权重随市值被动调整,披露日: 2025-08-14
Core Smart Money,BlackRock,Q2 2025,2025-06-30,AAPL,Apple,Held,,0,持仓稳定,披露日: 2025-08-14
Core Smart Money,BlackRock,Q3 2025,2025-09-30,CMG,Chipotle Mexican Grill,Added,6700,,大幅加仓,披露日: 2025-11-14
Core Smart Money,BlackRock,Q3 2025,2025-09-30,MSFT,Microsoft,Added,3500,,云/AI加仓,披露日: 2025-11-14
Core Smart Money,BlackRock,Q3 2025,2025-09-30,XOM,Exxon Mobil,Added,3400,,能源加仓,披露日: 2025-11-14
Core Smart Money,BlackRock,Q3 2025,2025-09-30,GEV,GE Vernova,Added,3100,,电力基础设施加仓,披露日: 2025-11-14
Core Smart Money,BlackRock,Q3 2025,2025-09-30,AAPL,Apple,Added,2900,,第二大持仓加仓,披露日: 2025-11-14
Core Smart Money,BlackRock,Q3 2025,2025-09-30,SPY,SPDR S&P 500 ETF,Reduced,-9900,,大幅减持宽指,披露日: 2025-11-14
Core Smart Money,BlackRock,Q3 2025,2025-09-30,AVGO,Broadcom,Reduced,-1100,,半导体小幅减仓,披露日: 2025-11-14
Core Smart Money,BlackRock,Q3 2025,2025-09-30,ABBV,AbbVie,Reduced,-1100,,医药减仓,披露日: 2025-11-14
Core Smart Money,Goldman Sachs,Q1 2025,2025-03-31,NVDA,NVIDIA,Held,,0,前五大持仓,披露日: 2025-05-15
Core Smart Money,Goldman Sachs,Q1 2025,2025-03-31,SPY,SPDR S&P 500 ETF,Held,,0,大型机构标配,披露日: 2025-05-15
Core Smart Money,Goldman Sachs,Q2 2025,2025-06-30,NVDA,NVIDIA,Held,,,Q2 持仓基本稳定,披露日: 2025-08-14
Core Smart Money,Goldman Sachs,Q3 2025,2025-09-30,NVDA,NVIDIA,Added,,,Q3继续增持AI核心,披露日: 2025-11-14
Core Smart Money,Goldman Sachs,Q3 2025,2025-09-30,TSLA,Tesla,Added,,,加仓,披露日: 2025-11-14
Core Smart Money,JPMorgan Chase,Q1 2025,2025-03-31,NVDA,NVIDIA,Added,,,逐步建成最大持仓,披露日: 2025-05-15
Core Smart Money,JPMorgan Chase,Q2 2025,2025-06-30,NVDA,NVIDIA,Added,,,继续加仓至$91B规模,披露日: 2025-08-14
Core Smart Money,JPMorgan Chase,Q2 2025,2025-06-30,MSFT,Microsoft,Held,,0,第二大持仓,披露日: 2025-08-14
Core Smart Money,JPMorgan Chase,Q3 2025,2025-09-30,NVDA,NVIDIA,Held,,0,最大持仓$91B (489M股) 确认,披露日: 2025-11-14
Core Smart Money,JPMorgan Chase,Q3 2025,2025-09-30,SPY,SPDR S&P 500 ETF,Reduced,,-14,指数ETF减仓14%,披露日: 2025-11-14
Core Smart Money,JPMorgan Chase,Q3 2025,2025-09-30,AMZN,Amazon.com,Reduced,,,云/Mag7轮换,披露日: 2025-11-14
Core Smart Money,JPMorgan Chase,Q3 2025,2025-09-30,META,Meta Platforms,Reduced,,,小幅减仓,披露日: 2025-11-14
Core Smart Money,JPMorgan Chase,Q3 2025,2025-09-30,NFLX,Netflix,Reduced,,,获利了结,披露日: 2025-11-14
Core Smart Money,Morgan Stanley,Q1 2025,2025-03-31,NVDA,NVIDIA,Reduced,,,Q2 2025减仓$3.8B开始,披露日: 2025-05-15
Core Smart Money,Morgan Stanley,Q2 2025,2025-06-30,NVDA,NVIDIA,Reduced,-3800,,最大减仓,披露日: 2025-08-14
Core Smart Money,Morgan Stanley,Q2 2025,2025-06-30,MSFT,Microsoft,Reduced,-3200,,第二大减仓,披露日: 2025-08-14
Core Smart Money,Morgan Stanley,Q2 2025,2025-06-30,UNH,UnitedHealth Group,Reduced,-2000,,医疗减仓,披露日: 2025-08-14
Core Smart Money,Morgan Stanley,Q2 2025,2025-06-30,AMZN,Amazon.com,Reduced,-1500,,云计算减仓,披露日: 2025-08-14
Core Smart Money,Morgan Stanley,Q2 2025,2025-06-30,ORCL,Oracle,Added,1800,,云基础设施加仓,披露日: 2025-08-14
Core Smart Money,Morgan Stanley,Q2 2025,2025-06-30,GOOGL,Alphabet,Added,1700,,AI搜索加仓,披露日: 2025-08-14
Core Smart Money,Morgan Stanley,Q2 2025,2025-06-30,MSTR,MicroStrategy,Added,1600,,比特币代理仓位,披露日: 2025-08-14
Core Smart Money,Morgan Stanley,Q3 2025,2025-09-30,AAPL,Apple,Held,,0,最大持仓维持,披露日: 2025-11-14
Core Smart Money,Morgan Stanley,Q3 2025,2025-09-30,NVDA,NVIDIA,Held,,0,Q3趋于稳定,披露日: 2025-11-14
13F Hedge Funds,Citadel Advisors,Q1 2025,2025-03-31,NVDA,NVIDIA,Held,,,Q1仓位稳定，量化对冲策略,披露日: 2025-05-15
13F Hedge Funds,Citadel Advisors,Q1 2025,2025-03-31,MSFT,Microsoft,Held,,,Q1持仓,披露日: 2025-05-15
13F Hedge Funds,Citadel Advisors,Q2 2025,2025-06-30,NVDA,NVIDIA,Held,,,Q2 组合总值 ~$618B,披露日: 2025-08-14
13F Hedge Funds,Citadel Advisors,Q3 2025,2025-09-30,MSFT,Microsoft,Added,1030,+100,翻倍至第一大持仓$2.06B，加仓199万股,披露日: 2025-11-14
13F Hedge Funds,Citadel Advisors,Q3 2025,2025-09-30,META,Meta Platforms,New Position,1430,,新建仓195万股 $1.43B（+12693%）,披露日: 2025-11-14
13F Hedge Funds,Citadel Advisors,Q3 2025,2025-09-30,AAPL,Apple,Added,652,+100,翻倍，加仓256万股,披露日: 2025-11-14
13F Hedge Funds,Citadel Advisors,Q3 2025,2025-09-30,TSLA,Tesla,Added,489,+279,加仓110万股,披露日: 2025-11-14
13F Hedge Funds,Citadel Advisors,Q3 2025,2025-09-30,GOOGL,Alphabet,Added,304,+200,加仓125万股,披露日: 2025-11-14
13F Hedge Funds,Citadel Advisors,Q3 2025,2025-09-30,NVDA,NVIDIA,Added,323,+21,加仓173万股,披露日: 2025-11-14
13F Hedge Funds,Two Sigma Investments,Q1 2025,2025-03-31,NVDA,NVIDIA,Held,,,量化策略，Q1持仓,披露日: 2025-05-15
13F Hedge Funds,Two Sigma Investments,Q2 2025,2025-06-30,NVDA,NVIDIA,Held,,,Q2持仓 $70.9B总规模,披露日: 2025-08-14
13F Hedge Funds,Two Sigma Investments,Q3 2025,2025-09-30,XLF,Financial Select Sector SPDR,Held,,,Q3继续持有金融ETF,披露日: 2025-11-14
13F Hedge Funds,Two Sigma Investments,Q3 2025,2025-09-30,XLK,Tech Select Sector SPDR,Reduced,,,Q3科技ETF减仓,披露日: 2025-11-14
13F Hedge Funds,Renaissance Technologies,Q1 2025,2025-03-31,NOW,ServiceNow,New Position,217,,新建仓27.2万股，云AI核心,披露日: 2025-05-15
13F Hedge Funds,Renaissance Technologies,Q1 2025,2025-03-31,MSFT,Microsoft,New Position,145,,新建仓，Azure/AI布局,披露日: 2025-05-15
13F Hedge Funds,Renaissance Technologies,Q1 2025,2025-03-31,PLTR,Palantir,Held,,0,最大持仓维持,披露日: 2025-05-15
13F Hedge Funds,Renaissance Technologies,Q1 2025,2025-03-31,NVDA,NVIDIA,Added,,,AI芯片加仓,披露日: 2025-05-15
13F Hedge Funds,Renaissance Technologies,Q2 2025,2025-06-30,NVDA,NVIDIA,Added,,,继续加仓AI芯片；组合升至$75B,披露日: 2025-08-14
13F Hedge Funds,Renaissance Technologies,Q2 2025,2025-06-30,NFLX,Netflix,Added,,,流媒体加仓,披露日: 2025-08-14
13F Hedge Funds,Renaissance Technologies,Q2 2025,2025-06-30,GEV,GE Vernova,Added,,,电力新基建加仓,披露日: 2025-08-14
13F Hedge Funds,Renaissance Technologies,Q2 2025,2025-06-30,APP,AppLovin,Added,,,广告科技加仓,披露日: 2025-08-14
13F Hedge Funds,Renaissance Technologies,Q2 2025,2025-06-30,PLTR,Palantir,Reduced,,,量化获利了结,披露日: 2025-08-14
13F Hedge Funds,Renaissance Technologies,Q2 2025,2025-06-30,META,Meta Platforms,Reduced,,,减仓,披露日: 2025-08-14
13F Hedge Funds,Renaissance Technologies,Q2 2025,2025-06-30,GOOGL,Alphabet,Reduced,,,减仓,披露日: 2025-08-14
13F Hedge Funds,Renaissance Technologies,Q2 2025,2025-06-30,HOOD,Robinhood,Reduced,,,金融科技获利了结,披露日: 2025-08-14
13F Hedge Funds,Renaissance Technologies,Q3 2025,2025-09-30,GOOGL,Alphabet,Added,,,大幅反转加仓,披露日: 2025-11-14
13F Hedge Funds,Renaissance Technologies,Q3 2025,2025-09-30,RBLX,Roblox,Added,,,元宇宙/游戏加仓,披露日: 2025-11-14
13F Hedge Funds,Renaissance Technologies,Q3 2025,2025-09-30,MSFT,Microsoft,Added,,,云AI加仓,披露日: 2025-11-14
13F Hedge Funds,Renaissance Technologies,Q3 2025,2025-09-30,TSM,Taiwan Semiconductor,Added,,,供应链加仓,披露日: 2025-11-14
13F Hedge Funds,Renaissance Technologies,Q3 2025,2025-09-30,META,Meta Platforms,Added,,,Q2减仓后反转加仓,披露日: 2025-11-14
13F Hedge Funds,Renaissance Technologies,Q3 2025,2025-09-30,PLTR,Palantir,Reduced,,,继续获利了结,披露日: 2025-11-14
13F Hedge Funds,Renaissance Technologies,Q3 2025,2025-09-30,NVDA,NVIDIA,Reduced,,,量化策略减仓,披露日: 2025-11-14
13F Hedge Funds,Renaissance Technologies,Q3 2025,2025-09-30,APP,AppLovin,Reduced,,,广告科技获利了结,披露日: 2025-11-14
13F Hedge Funds,Millennium Management,Q1 2025,2025-03-31,NVDA,NVIDIA,Held,,,多策略基金，Q1持仓,披露日: 2025-05-15
13F Hedge Funds,Millennium Management,Q2 2025,2025-06-30,NVDA,NVIDIA,Held,,,Q2 $238B AUM，广泛持仓,披露日: 2025-08-14
13F Hedge Funds,Millennium Management,Q3 2025,2025-09-30,IWM,iShares Russell 2000 ETF,Added,3000,,最大加仓，小盘股轮换,披露日: 2025-11-14
13F Hedge Funds,Millennium Management,Q3 2025,2025-09-30,NVDA,NVIDIA,Added,2000,,AI芯片核心仓位,披露日: 2025-11-14
13F Hedge Funds,Millennium Management,Q3 2025,2025-09-30,AAPL,Apple,Added,1800,,防御性大市值,披露日: 2025-11-14
13F Hedge Funds,Millennium Management,Q3 2025,2025-09-30,SPY,SPDR S&P 500 ETF,Reduced,-3400,,指数对冲减仓,披露日: 2025-11-14
13F Hedge Funds,Millennium Management,Q3 2025,2025-09-30,APP,AppLovin,Reduced,-1900,,广告科技获利了结,披露日: 2025-11-14
13F Hedge Funds,Millennium Management,Q3 2025,2025-09-30,PLTR,Palantir,Reduced,-792,,AI概念获利了结,披露日: 2025-11-14
13F Hedge Funds,Millennium Management,Q3 2025,2025-09-30,ORCL,Oracle,Reduced,-637,,云减仓,披露日: 2025-11-14
13F Hedge Funds,Point72 Asset Management,Q1 2025,2025-03-31,NVDA,NVIDIA,Held,,,Q1 $44.6B 总规模,披露日: 2025-05-15
13F Hedge Funds,Point72 Asset Management,Q2 2025,2025-06-30,MSFT,Microsoft,Held,,0,最大持仓$1.21B,披露日: 2025-08-14
13F Hedge Funds,Point72 Asset Management,Q2 2025,2025-06-30,AMZN,Amazon.com,Held,,0,$1.05B,披露日: 2025-08-14
13F Hedge Funds,Point72 Asset Management,Q2 2025,2025-06-30,NVDA,NVIDIA,Held,,0,$1.01B,披露日: 2025-08-14
13F Hedge Funds,Point72 Asset Management,Q2 2025,2025-06-30,SNOW,Snowflake,Held,,0,$599M 第四大持仓,披露日: 2025-08-14
13F Hedge Funds,Point72 Asset Management,Q3 2025,2025-09-30,NVDA,NVIDIA,Added,,+12.8,加仓82万股至$1.35B,披露日: 2025-11-14
13F Hedge Funds,Point72 Asset Management,Q3 2025,2025-09-30,TSM,Taiwan Semiconductor,Added,,+28.2,加仓40万股，AI供应链,披露日: 2025-11-14
13F Hedge Funds,Point72 Asset Management,Q3 2025,2025-09-30,QQQ,Invesco QQQ ETF Puts,Added,,+2863,大规模对冲头寸，防范科技下行,披露日: 2025-11-14
13F Hedge Funds,Point72 Asset Management,Q3 2025,2025-09-30,AMZN,Amazon.com,Reduced,,-34.8,大幅削减，降至$685M,披露日: 2025-11-14
13F Hedge Funds,Point72 Asset Management,Q3 2025,2025-09-30,ANET,Arista Networks,Reduced,,-20.5,仍持$803M,披露日: 2025-11-14
13F Hedge Funds,Bridgewater Associates,Q1 2025,2025-03-31,SPY,SPDR S&P 500 ETF,Held,,0,最大持仓，全天候策略,披露日: 2025-05-15
13F Hedge Funds,Bridgewater Associates,Q1 2025,2025-03-31,NVDA,NVIDIA,Held,,,AI核心持仓,披露日: 2025-05-15
13F Hedge Funds,Bridgewater Associates,Q2 2025,2025-06-30,SPY,SPDR S&P 500 ETF,Held,,0,宏观对冲基金广泛持仓,披露日: 2025-08-14
13F Hedge Funds,Bridgewater Associates,Q3 2025,2025-09-30,SPY,SPDR S&P 500 ETF,Held,,0,全天候策略核心仓位,披露日: 2025-11-14
13F Hedge Funds,Bridgewater Associates,Q3 2025,2025-09-30,NVDA,NVIDIA,Added,,,AI核心加仓,披露日: 2025-11-14
13F Hedge Funds,Bridgewater Associates,Q3 2025,2025-09-30,AMZN,Amazon.com,Added,,,云计算加仓,披露日: 2025-11-14
13F Hedge Funds,DE Shaw,Q1 2025,2025-03-31,NVDA,NVIDIA,Held,,,量化多因子，$182B+，4500+持仓,披露日: 2025-05-15
13F Hedge Funds,DE Shaw,Q2 2025,2025-06-30,AAPL,Apple,Held,,,广泛分散持仓,披露日: 2025-08-14
13F Hedge Funds,DE Shaw,Q3 2025,2025-09-30,NVDA,NVIDIA,Held,,,量化策略，广泛分散,披露日: 2025-11-14
13F Hedge Funds,Pershing Square,Q1 2025,2025-03-31,UBER,Uber Technologies,Held,,0,最大持仓,披露日: 2025-05-15
13F Hedge Funds,Pershing Square,Q1 2025,2025-03-31,BN,Brookfield Corp,Added,,,加仓，升至前二,披露日: 2025-05-15
13F Hedge Funds,Pershing Square,Q1 2025,2025-03-31,HTZ,Hertz,New Position,,,新建仓汽车租赁复苏押注,披露日: 2025-05-15
13F Hedge Funds,Pershing Square,Q1 2025,2025-03-31,NKE,Nike,Exited,,-100,清仓，改持认购期权,披露日: 2025-05-15
13F Hedge Funds,Pershing Square,Q1 2025,2025-03-31,GOOGL,Alphabet,Held,,0,前三大持仓,披露日: 2025-05-15
13F Hedge Funds,Pershing Square,Q2 2025,2025-06-30,AMZN,Amazon.com,New Position,,,大幅新建仓，成为核心持仓；组合$13.73B,披露日: 2025-08-14
13F Hedge Funds,Pershing Square,Q2 2025,2025-06-30,BN,Brookfield Corp,Added,,,继续加仓,披露日: 2025-08-14
13F Hedge Funds,Pershing Square,Q2 2025,2025-06-30,GOOGL,Alphabet,Added,,,加仓,披露日: 2025-08-14
13F Hedge Funds,Pershing Square,Q2 2025,2025-06-30,CP,Canadian Pacific Kansas City,Exited,,-100,铁路仓位清仓,披露日: 2025-08-14
13F Hedge Funds,Pershing Square,Q3 2025,2025-09-30,AMZN,Amazon.com,Held,,0,Q2新仓维持不变；组合$14.64B,披露日: 2025-11-14
13F Hedge Funds,Pershing Square,Q3 2025,2025-09-30,UBER,Uber Technologies,Held,,0,最大持仓基本不变,披露日: 2025-11-14
13F Hedge Funds,Pershing Square,Q3 2025,2025-09-30,BN,Brookfield Corp,Held,,0,第二大持仓,披露日: 2025-11-14
13F Hedge Funds,Appaloosa Management,Q1 2025,2025-03-31,AAPL,Apple,Added,278,,加仓$2.78亿,披露日: 2025-05-15
13F Hedge Funds,Appaloosa Management,Q1 2025,2025-03-31,UBER,Uber Technologies,Added,124,,加仓$1.24亿,披露日: 2025-05-15
13F Hedge Funds,Appaloosa Management,Q1 2025,2025-03-31,AVGO,Broadcom,New Position,,,AI芯片网络新仓,披露日: 2025-05-15
13F Hedge Funds,Appaloosa Management,Q1 2025,2025-03-31,SMH,VanEck Semiconductor ETF,New Position,,,半导体ETF新仓,披露日: 2025-05-15
13F Hedge Funds,Appaloosa Management,Q1 2025,2025-03-31,BABA,Alibaba Group,Reduced,-346,,中概股减仓$3.46亿,披露日: 2025-05-15
13F Hedge Funds,Appaloosa Management,Q1 2025,2025-03-31,MSFT,Microsoft,Reduced,-173,,减仓微软,披露日: 2025-05-15
13F Hedge Funds,Appaloosa Management,Q1 2025,2025-03-31,AMD,Advanced Micro Devices,Reduced,-145,,芯片获利了结,披露日: 2025-05-15
13F Hedge Funds,Appaloosa Management,Q1 2025,2025-03-31,PDD,PDD Holdings,Reduced,-117,,中概股减仓,披露日: 2025-05-15
13F Hedge Funds,Appaloosa Management,Q1 2025,2025-03-31,JD,JD.com,Reduced,-99,,中概股减仓,披露日: 2025-05-15
13F Hedge Funds,Appaloosa Management,Q2 2025,2025-06-30,BABA,Alibaba Group,Reduced,,,继续减中概，BABA仍为最大持仓,披露日: 2025-08-14
13F Hedge Funds,Appaloosa Management,Q2 2025,2025-06-30,NVDA,NVIDIA,Reduced,,,AI股获利了结开始,披露日: 2025-08-14
13F Hedge Funds,Appaloosa Management,Q3 2025,2025-09-30,BABA,Alibaba Group,Reduced,,-8.7,仍为最大持仓15.61%，645万股,披露日: 2025-11-14
13F Hedge Funds,Appaloosa Management,Q3 2025,2025-09-30,NVDA,NVIDIA,Reduced,,,持续减仓AI股,披露日: 2025-11-14
13F Hedge Funds,Appaloosa Management,Q3 2025,2025-09-30,MU,Micron Technology,Added,,,开始建半导体周期仓,披露日: 2025-11-14
13F Hedge Funds,Third Point,Q1 2025,2025-03-31,PCG,PG&E Corporation,Held,,0,最大持仓；组合$6.53B,披露日: 2025-05-15
13F Hedge Funds,Third Point,Q1 2025,2025-03-31,AMZN,Amazon.com,Held,,0,第二大持仓,披露日: 2025-05-15
13F Hedge Funds,Third Point,Q1 2025,2025-03-31,TSM,Taiwan Semiconductor,Held,,0,第三大持仓,披露日: 2025-05-15
13F Hedge Funds,Third Point,Q1 2025,2025-03-31,LYV,Live Nation Entertainment,Held,,0,前五持仓,披露日: 2025-05-15
13F Hedge Funds,Third Point,Q2 2025,2025-06-30,AMZN,Amazon.com,Added,,,大幅加仓,披露日: 2025-08-14
13F Hedge Funds,Third Point,Q2 2025,2025-06-30,NVDA,NVIDIA,Added,,,大幅加仓；组合$7.62B,披露日: 2025-08-14
13F Hedge Funds,Third Point,Q2 2025,2025-06-30,COF,Capital One Financial,Added,,,金融加仓,披露日: 2025-08-14
13F Hedge Funds,Third Point,Q2 2025,2025-06-30,FLUT,Flutter Entertainment,Added,,,博彩加仓,披露日: 2025-08-14
13F Hedge Funds,Third Point,Q2 2025,2025-06-30,META,Meta Platforms,New Position,,,社交AI新仓,披露日: 2025-08-14
13F Hedge Funds,Third Point,Q2 2025,2025-06-30,CSGP,CoStar Group,New Position,,,地产数据新仓,披露日: 2025-08-14
13F Hedge Funds,Third Point,Q2 2025,2025-06-30,COOP,Mr. Cooper Group,New Position,,,住房金融新仓,披露日: 2025-08-14
13F Hedge Funds,Third Point,Q2 2025,2025-06-30,DHR,Danaher,New Position,,,生命科学新仓,披露日: 2025-08-14
13F Hedge Funds,Third Point,Q3 2025,2025-09-30,MSFT,Microsoft,Added,,+175,大幅加仓175%；组合$8.99B,披露日: 2025-11-14
13F Hedge Funds,Third Point,Q3 2025,2025-09-30,META,Meta Platforms,Added,,+47,社交AI加仓,披露日: 2025-11-14
13F Hedge Funds,Third Point,Q3 2025,2025-09-30,CASY,Casey's General Stores,Added,,+40,便利店连锁加仓,披露日: 2025-11-14
13F Hedge Funds,Third Point,Q3 2025,2025-09-30,SPY,SPDR S&P 500 ETF Puts,New Position,,,大型空头对冲建仓,披露日: 2025-11-14
13F Hedge Funds,Third Point,Q3 2025,2025-09-30,NVDA,NVIDIA,Added,,,连续第2季加仓,披露日: 2025-11-14
13F Hedge Funds,Third Point,Q3 2025,2025-09-30,PCG,PG&E Corporation,Held,,0,最大持仓,披露日: 2025-11-14
Alternative Assets,Blackstone,Q1 2025,2025-03-31,PRIVATE MARKETS,私募市场,Held,,,私募PE/信贷，无公开股权13F季度明细,披露日: 2025-05-15
Alternative Assets,KKR,Q1 2025,2025-03-31,PRIVATE MARKETS,私募市场,Held,,,私募PE/信贷,披露日: 2025-05-15
Alternative Assets,Apollo Global Management,Q1 2025,2025-03-31,PRIVATE MARKETS,私募市场,Held,,,信贷为主策略,披露日: 2025-05-15
Alternative Assets,Blackstone,Q2 2025,2025-06-30,PRIVATE MARKETS,私募市场,Held,,,私募PE/信贷，无公开股权13F季度明细,披露日: 2025-08-14
Alternative Assets,KKR,Q2 2025,2025-06-30,PRIVATE MARKETS,私募市场,Held,,,私募PE/信贷,披露日: 2025-08-14
Alternative Assets,Apollo Global Management,Q2 2025,2025-06-30,PRIVATE MARKETS,私募市场,Held,,,信贷为主策略,披露日: 2025-08-14
Alternative Assets,Blackstone,Q3 2025,2025-09-30,PRIVATE MARKETS,私募市场,Held,,,私募PE/信贷，无公开股权13F季度明细,披露日: 2025-11-14
Alternative Assets,KKR,Q3 2025,2025-09-30,PRIVATE MARKETS,私募市场,Held,,,私募PE/信贷,披露日: 2025-11-14
Alternative Assets,Apollo Global Management,Q3 2025,2025-09-30,PRIVATE MARKETS,私募市场,Held,,,信贷为主策略,披露日: 2025-11-14
Long Only Asset Managers,Vanguard,Q1 2025,2025-03-31,NVDA,NVIDIA,Held,,0,被动指数，权重随市值调整；$6.9T AUM,披露日: 2025-04-29
Long Only Asset Managers,Vanguard,Q1 2025,2025-03-31,AAPL,Apple,Held,,0,被动持有,披露日: 2025-04-29
Long Only Asset Managers,Vanguard,Q1 2025,2025-03-31,MSFT,Microsoft,Held,,0,被动持有,披露日: 2025-04-29
Long Only Asset Managers,Vanguard,Q2 2025,2025-06-30,NVDA,NVIDIA,Held,,0,被动指数，权重随市值调整；$6.9T AUM,披露日: 2025-07-29
Long Only Asset Managers,Vanguard,Q2 2025,2025-06-30,AAPL,Apple,Held,,0,被动持有,披露日: 2025-07-29
Long Only Asset Managers,Vanguard,Q2 2025,2025-06-30,MSFT,Microsoft,Held,,0,被动持有,披露日: 2025-07-29
Long Only Asset Managers,Vanguard,Q3 2025,2025-09-30,NVDA,NVIDIA,Held,,0,被动指数，权重随市值调整；$6.9T AUM,披露日: 2025-10-29
Long Only Asset Managers,Vanguard,Q3 2025,2025-09-30,AAPL,Apple,Held,,0,被动持有,披露日: 2025-10-29
Long Only Asset Managers,Vanguard,Q3 2025,2025-09-30,MSFT,Microsoft,Held,,0,被动持有,披露日: 2025-10-29
AI Core Holdings,NVIDIA,Q1 2025,2025-03-31,NVDA,NVIDIA Corp,Smart Money Buy,,,Citadel持有；JPMorgan最大仓位建立；Goldman前五；机构共识买入,披露日: 2025-05-15
AI Core Holdings,NVIDIA,Q2 2025,2025-06-30,NVDA,NVIDIA Corp,Smart Money Buy,,,Point72 $1.01B；Citadel持续；RenTec加仓；全球机构AI核心配置,披露日: 2025-08-14
AI Core Holdings,NVIDIA,Q3 2025,2025-09-30,NVDA,NVIDIA Corp,Smart Money Buy,,,Citadel +21%；Point72 +12.8%；Millennium +$2B；RenTec减仓；多头共识,披露日: 2025-11-14
AI Core Holdings,Alphabet,Q1 2025,2025-03-31,GOOGL,Alphabet Class A,Mixed Signal,,,Berkshire Q1持有；Third Point第三大仓位,披露日: 2025-05-15
AI Core Holdings,Alphabet,Q2 2025,2025-06-30,GOOGL,Alphabet Class A,Smart Money Buy,,,Berkshire Q3大幅建仓；Third Point Q2加仓；Appaloosa Q4加仓29%,披露日: 2025-08-14
AI Core Holdings,Alphabet,Q3 2025,2025-09-30,GOOGL,Alphabet Class A,Smart Money Buy,,,Berkshire加至$4.3B；RenTec Q3大幅加仓；Citadel +200%,披露日: 2025-11-14
Core Smart Money,Berkshire Hathaway,Q4 2025,2025-12-31,AMZN,Amazon.com,Reduced,,-77,从0.82%大幅削减至0.02%，仅剩极少量,披露日: 2026-02-14
Core Smart Money,Berkshire Hathaway,Q4 2025,2025-12-31,AAPL,Apple,Reduced,,,继续削减苹果持仓（238M→228M股）,披露日: 2026-02-14
Core Smart Money,Berkshire Hathaway,Q4 2025,2025-12-31,BAC,Bank of America,Reduced,,,大幅减持，同期现金储备超3000亿,披露日: 2026-02-14
Core Smart Money,Berkshire Hathaway,Q4 2025,2025-12-31,NYT,New York Times,New Position,351.7,,新建仓 510万股 约3.5亿美元,披露日: 2026-02-14
Core Smart Money,Berkshire Hathaway,Q4 2025,2025-12-31,CVX,Chevron,Added,,,从1.22亿增至1.30亿股，持仓6.2%,披露日: 2026-02-14
Core Smart Money,Berkshire Hathaway,Q4 2025,2025-12-31,CB,Chubb,Added,,,积极加仓，持仓比例约8.5%,披露日: 2026-02-14
Core Smart Money,Berkshire Hathaway,Q4 2025,2025-12-31,DPZ,Domino's Pizza,Added,,,持仓比例达9.9%（后Q1全清）,披露日: 2026-02-14
Core Smart Money,Berkshire Hathaway,Q1 2026,2026-03-31,AMZN,Amazon.com,Exited,,-100,新CEO Greg Abel 上任后完全清仓,披露日: 2026-05-15
Core Smart Money,Berkshire Hathaway,Q1 2026,2026-03-31,DPZ,Domino's Pizza,Exited,,-100,完全清仓,披露日: 2026-05-15
Core Smart Money,Berkshire Hathaway,Q1 2026,2026-03-31,UNH,UnitedHealth Group,Exited,,-100,完全清仓,披露日: 2026-05-15
Core Smart Money,Berkshire Hathaway,Q1 2026,2026-03-31,CVX,Chevron,Reduced,,-35,Q4加仓后再度大幅削减,披露日: 2026-05-15
Core Smart Money,Berkshire Hathaway,Q1 2026,2026-03-31,GOOGL,Alphabet Class A,Added,2000,+225,Q1最大加仓,披露日: 2026-05-15
Core Smart Money,Berkshire Hathaway,Q1 2026,2026-03-31,DAL,Delta Air Lines,New Position,2800,,新建仓 3980万股 $28亿；13G参考日2026-03-31,2026 Q1建仓；13G申报 2026-05-15
Core Smart Money,Berkshire Hathaway,Q1 2026,2026-03-31,AAPL,Apple,Held,,0,停止连续三季减仓，稳定持有,披露日: 2026-05-15
Core Smart Money,BlackRock,Q4 2025,2025-12-31,NVDA,NVIDIA,Held,,0,最大持仓6.13%（约3625亿），19.43亿股,披露日: 2026-02-17
Core Smart Money,BlackRock,Q4 2025,2025-12-31,NFLX,Netflix,Added,,+903,季度涨幅最大单一仓位,披露日: 2026-02-17
Core Smart Money,BlackRock,Q4 2025,2025-12-31,NOW,ServiceNow,Added,,+397,云软件大幅加仓,披露日: 2026-02-17
Core Smart Money,BlackRock,Q4 2025,2025-12-31,LITE,Lumentum Holdings,New Position,,,新建仓（大额）,披露日: 2026-02-17
Core Smart Money,BlackRock,Q4 2025,2025-12-31,COHR,Coherent Corp,New Position,,,光子/光纤通信新仓,披露日: 2026-02-17
Core Smart Money,BlackRock,Q4 2025,2025-12-31,RKLB,Rocket Lab,New Position,,,航天新经济新仓,披露日: 2026-02-17
Core Smart Money,BlackRock,Q1 2026,2026-03-31,XOM,Exxon Mobil,Added,,,能源板块大幅加仓,披露日: 2026-05-15
Core Smart Money,BlackRock,Q1 2026,2026-03-31,CVX,Chevron,Added,,,能源板块双龙头加仓,披露日: 2026-05-15
Core Smart Money,BlackRock,Q1 2026,2026-03-31,AMAT,Applied Materials,Added,,,半导体设备加仓,披露日: 2026-05-15
Core Smart Money,BlackRock,Q1 2026,2026-03-31,MU,Micron Technology,Added,,,内存芯片加仓,披露日: 2026-05-15
Core Smart Money,BlackRock,Q1 2026,2026-03-31,JPM,JPMorgan Chase,Reduced,-7031.8,-1.7,进入前十大持仓，替换LLY；已按 EDGAR 校正,披露日: 2026-05-15
Core Smart Money,BlackRock,Q1 2026,2026-03-31,NVDA,NVIDIA,Reduced,,-4,从6.13%微降至5.87%,披露日: 2026-05-15
Core Smart Money,BlackRock,Q1 2026,2026-03-31,MSFT,Microsoft,Reduced,,,Mag7减仓之一,披露日: 2026-05-15
Core Smart Money,BlackRock,Q1 2026,2026-03-31,TSLA,Tesla,Reduced,,,Mag7减仓之一,披露日: 2026-05-15
Core Smart Money,BlackRock,Q1 2026,2026-03-31,AAPL,Apple,Reduced,,,Mag7减仓之一,披露日: 2026-05-15
Core Smart Money,BlackRock,Q1 2026,2026-03-31,META,Meta Platforms,Reduced,,,Mag7减仓之一,披露日: 2026-05-15
Core Smart Money,BlackRock,Q1 2026,2026-03-31,LLY,Eli Lilly,Reduced,,,退出前十大持仓,披露日: 2026-05-15
Core Smart Money,Goldman Sachs,Q4 2025,2025-12-31,IBIT,iShares Bitcoin Trust,New Position,1100,,加密货币持仓首次披露：BTC ETF约11亿美元,披露日: 2026-02-10
Core Smart Money,Goldman Sachs,Q4 2025,2025-12-31,ETHE,Ethereum ETF,New Position,,,加密货币整体敞口合计23.6亿美元,披露日: 2026-02-10
Core Smart Money,Goldman Sachs,Q4 2025,2025-12-31,NVDA,NVIDIA,Held,,0,股票组合前五大持仓,披露日: 2026-02-10
Core Smart Money,Goldman Sachs,Q4 2025,2025-12-31,SPY,SPDR S&P 500 ETF,Held,,0,前五大持仓之一,披露日: 2026-02-10
Core Smart Money,Goldman Sachs,Q4 2025,2025-12-31,MSFT,Microsoft,Held,,0,前五大持仓之一,披露日: 2026-02-10
Core Smart Money,Goldman Sachs,Q1 2026,2026-03-31,NVDA,NVIDIA,Reduced,-3360.9,-1.7,Q1最大加仓金额；已按 EDGAR 校正,披露日: 2026-05-15
Core Smart Money,Goldman Sachs,Q1 2026,2026-03-31,TSLA,Tesla,Reduced,-5584.4,-16.0,第二大加仓；已按 EDGAR 校正,披露日: 2026-05-15
Core Smart Money,Goldman Sachs,Q1 2026,2026-03-31,MSFT,Microsoft,Added,6100,,云AI平台布局,披露日: 2026-05-15
Core Smart Money,Goldman Sachs,Q1 2026,2026-03-31,QQQ,Invesco QQQ ETF,Added,4200,,科技宽指增仓,披露日: 2026-05-15
Core Smart Money,Goldman Sachs,Q1 2026,2026-03-31,AMZN,Amazon.com,Added,3500,,云计算加仓,披露日: 2026-05-15
Core Smart Money,Goldman Sachs,Q1 2026,2026-03-31,AAPL,Apple,Added,2800,,防御性蓝筹加仓,披露日: 2026-05-15
Core Smart Money,Goldman Sachs,Q1 2026,2026-03-31,AVGO,Broadcom,Added,2700,,AI芯片网络设备,披露日: 2026-05-15
Core Smart Money,Goldman Sachs,Q1 2026,2026-03-31,META,Meta Platforms,Added,2500,,社交AI加仓,披露日: 2026-05-15
Core Smart Money,Goldman Sachs,Q1 2026,2026-03-31,IBIT,iShares Bitcoin Trust,Added,2300,,加密货币敞口扩大,披露日: 2026-05-15
Core Smart Money,Goldman Sachs,Q1 2026,2026-03-31,SPY,SPDR S&P 500 ETF,Reduced,-6000,,宽指减仓轮换至个股,披露日: 2026-05-15
Core Smart Money,Goldman Sachs,Q1 2026,2026-03-31,IWM,iShares Russell 2000,Reduced,-3300,,小盘股敞口缩减,披露日: 2026-05-15
Core Smart Money,JPMorgan Chase,Q4 2025,2025-12-31,NVDA,NVIDIA,Added,,,最大持仓约910亿美元,披露日: 2026-02-11
Core Smart Money,JPMorgan Chase,Q4 2025,2025-12-31,AAPL,Apple,Added,,,科技核心配置加仓,披露日: 2026-02-11
Core Smart Money,JPMorgan Chase,Q4 2025,2025-12-31,TSLA,Tesla,Added,,,显著增持,披露日: 2026-02-11
Core Smart Money,JPMorgan Chase,Q4 2025,2025-12-31,AVGO,Broadcom,Added,,,芯片多元化布局,披露日: 2026-02-11
Core Smart Money,JPMorgan Chase,Q4 2025,2025-12-31,AMZN,Amazon.com,Reduced,,,云/Mag7轮换减仓,披露日: 2026-02-11
Core Smart Money,JPMorgan Chase,Q4 2025,2025-12-31,META,Meta Platforms,Reduced,,,小幅减仓,披露日: 2026-02-11
Core Smart Money,JPMorgan Chase,Q4 2025,2025-12-31,SPY,SPDR S&P 500 ETF,Reduced,,,指数化敞口削减,披露日: 2026-02-11
Core Smart Money,JPMorgan Chase,Q4 2025,2025-12-31,NFLX,Netflix,Reduced,,,获利了结,披露日: 2026-02-11
Core Smart Money,JPMorgan Chase,Q1 2026,2026-03-31,NVDA,NVIDIA,Reduced,-11107.4,-1.8,Q1最大加仓130亿美元；已按 EDGAR 校正,披露日: 2026-05-13
Core Smart Money,JPMorgan Chase,Q1 2026,2026-03-31,AAPL,Apple,Added,9700,,第二大加仓97亿美元,披露日: 2026-05-13
Core Smart Money,JPMorgan Chase,Q1 2026,2026-03-31,MSFT,Microsoft,Reduced,-25825.4,-14.0,第三大加仓87亿美元；已按 EDGAR 校正,披露日: 2026-05-13
Core Smart Money,Morgan Stanley,Q4 2025,2025-12-31,AAPL,Apple,Held,,0,最大持仓，组合总额1.67万亿,披露日: 2026-02-13
Core Smart Money,Morgan Stanley,Q4 2025,2025-12-31,NVDA,NVIDIA,Held,,0,第二大持仓,披露日: 2026-02-13
Core Smart Money,Morgan Stanley,Q4 2025,2025-12-31,MSFT,Microsoft,Held,,0,第三大持仓,披露日: 2026-02-13
Core Smart Money,Morgan Stanley,Q4 2025,2025-12-31,GOOGL,Alphabet,Held,,0,第四大持仓,披露日: 2026-02-13
Core Smart Money,Morgan Stanley,Q4 2025,2025-12-31,AMZN,Amazon.com,Held,,0,第五大持仓,披露日: 2026-02-13
Core Smart Money,Morgan Stanley,Q1 2026,2026-03-31,NVDA,NVIDIA,Reduced,-3800,,Q1最大减仓,披露日: 2026-05-15
Core Smart Money,Morgan Stanley,Q1 2026,2026-03-31,MSFT,Microsoft,Added,-12397.4,3.0,第二大减仓；已按 EDGAR 校正,披露日: 2026-05-15
Core Smart Money,Morgan Stanley,Q1 2026,2026-03-31,UNH,UnitedHealth Group,Reduced,-2000,,医疗减仓,披露日: 2026-05-15
Core Smart Money,Morgan Stanley,Q1 2026,2026-03-31,AMZN,Amazon.com,Added,-1072.4,7.6,云计算小幅减仓；已按 EDGAR 校正,披露日: 2026-05-15
Core Smart Money,Morgan Stanley,Q1 2026,2026-03-31,SPY,SPDR S&P 500 ETF,Added,2200,,宽指加仓,披露日: 2026-05-15
Core Smart Money,Morgan Stanley,Q1 2026,2026-03-31,ORCL,Oracle,Added,1800,,云基础设施加仓,披露日: 2026-05-15
Core Smart Money,Morgan Stanley,Q1 2026,2026-03-31,GOOGL,Alphabet,Reduced,-3339.6,-0.7,AI搜索加仓；已按 EDGAR 校正,披露日: 2026-05-15
Core Smart Money,Morgan Stanley,Q1 2026,2026-03-31,MSTR,MicroStrategy,Added,1600,,比特币代理仓位,披露日: 2026-05-15
13F Hedge Funds,Citadel Advisors,Q4 2025,2025-12-31,NFLX,Netflix,Added,8400,,Q4最大单笔加仓,披露日: 2026-02-17
13F Hedge Funds,Citadel Advisors,Q4 2025,2025-12-31,AMZN,Amazon.com,Added,2600,,云计算大仓,披露日: 2026-02-17
13F Hedge Funds,Citadel Advisors,Q4 2025,2025-12-31,TSLA,Tesla,Added,2200,,投机性多头,披露日: 2026-02-17
13F Hedge Funds,Citadel Advisors,Q4 2025,2025-12-31,AVGO,Broadcom,Added,2200,,AI芯片网络,披露日: 2026-02-17
13F Hedge Funds,Citadel Advisors,Q4 2025,2025-12-31,GOOGL,Alphabet,Added,1700,,大市值科技,披露日: 2026-02-17
13F Hedge Funds,Citadel Advisors,Q4 2025,2025-12-31,META,Meta Platforms,Added,1600,,社交AI仓位,披露日: 2026-02-17
13F Hedge Funds,Citadel Advisors,Q4 2025,2025-12-31,SLV,iShares Silver Trust,New Position,1200,,贵金属新仓,披露日: 2026-02-17
13F Hedge Funds,Citadel Advisors,Q4 2025,2025-12-31,AZN,AstraZeneca,New Position,,,制药板块新仓,披露日: 2026-02-17
13F Hedge Funds,Citadel Advisors,Q4 2025,2025-12-31,SPY,SPDR S&P 500 ETF,Reduced,-8100,,减持宽指换个股,披露日: 2026-02-17
13F Hedge Funds,Citadel Advisors,Q4 2025,2025-12-31,QQQ,Invesco QQQ ETF,Reduced,-8000,,配对缩减科技宽指,披露日: 2026-02-17
13F Hedge Funds,Citadel Advisors,Q4 2025,2025-12-31,MSFT,Microsoft,Reduced,-909,,大市值小幅减仓,披露日: 2026-02-17
13F Hedge Funds,Citadel Advisors,Q4 2025,2025-12-31,BABA,Alibaba Group,Reduced,-778,,中概ADR减仓,披露日: 2026-02-17
13F Hedge Funds,Citadel Advisors,Q1 2026,2026-03-31,AMZN,Amazon.com,Reduced,-2459.8,-9.8,成为第二大个股仓位（约2.3%）；已按 EDGAR 校正,披露日: 2026-05-15
13F Hedge Funds,Citadel Advisors,Q1 2026,2026-03-31,MSFT,Microsoft,Reduced,,-18,大市值科技小幅减仓（约1.1%）,披露日: 2026-05-15
13F Hedge Funds,Two Sigma Investments,Q4 2025,2025-12-31,XLF,Financial Select Sector SPDR,Added,482,,板块ETF轮换至金融,披露日: 2026-02-14
13F Hedge Funds,Two Sigma Investments,Q4 2025,2025-12-31,XLP,Consumer Staples Select SPDR,Added,347,,防御性轮换,披露日: 2026-02-14
13F Hedge Funds,Two Sigma Investments,Q4 2025,2025-12-31,AMD,Advanced Micro Devices,Added,237,,半导体多头,披露日: 2026-02-14
13F Hedge Funds,Two Sigma Investments,Q4 2025,2025-12-31,WMT,Walmart,Added,237,,防御性消费加仓,披露日: 2026-02-14
13F Hedge Funds,Two Sigma Investments,Q4 2025,2025-12-31,TSM,Taiwan Semiconductor,Added,231,,晶圆代工供应链,披露日: 2026-02-14
13F Hedge Funds,Two Sigma Investments,Q4 2025,2025-12-31,XLK,Technology Select Sector SPDR,Reduced,-399,,削减宽泛科技ETF,披露日: 2026-02-14
13F Hedge Funds,Two Sigma Investments,Q4 2025,2025-12-31,UNH,UnitedHealth Group,Reduced,-255,,医疗管理减仓,披露日: 2026-02-14
13F Hedge Funds,Two Sigma Investments,Q4 2025,2025-12-31,SNOW,Snowflake,Reduced,-271,,云数据削减,披露日: 2026-02-14
13F Hedge Funds,Two Sigma Investments,Q1 2026,2026-03-31,NVDA,NVIDIA,Held,,,Q1 2026 13F已申报（2天前），详细数据处理中,披露日: 2026-05-15
13F Hedge Funds,Two Sigma Investments,Q1 2026,2026-03-31,AAPL,Apple,Held,,,Q1 13F最新持仓待聚合,披露日: 2026-05-15
13F Hedge Funds,Renaissance Technologies,Q4 2025,2025-12-31,NFLX,Netflix,Added,648,,最大单笔加仓,披露日: 2026-02-12
13F Hedge Funds,Renaissance Technologies,Q4 2025,2025-12-31,COST,Costco,Added,586,,防御性消费加仓,披露日: 2026-02-12
13F Hedge Funds,Renaissance Technologies,Q4 2025,2025-12-31,MU,Micron Technology,Added,517,,内存半导体加仓,披露日: 2026-02-12
13F Hedge Funds,Renaissance Technologies,Q4 2025,2025-12-31,TSLA,Tesla,Added,422,,电动车/AI加仓,披露日: 2026-02-12
13F Hedge Funds,Renaissance Technologies,Q4 2025,2025-12-31,LLY,Eli Lilly,Added,178,,医疗GLP-1加仓,披露日: 2026-02-12
13F Hedge Funds,Renaissance Technologies,Q4 2025,2025-12-31,NVDA,NVIDIA,Reduced,-887,,量化策略获利了结,披露日: 2026-02-12
13F Hedge Funds,Renaissance Technologies,Q4 2025,2025-12-31,GOOGL,Alphabet Class A,Reduced,-723,,AI搜索减仓,披露日: 2026-02-12
13F Hedge Funds,Renaissance Technologies,Q4 2025,2025-12-31,GOOG,Alphabet Class C,Reduced,-508,,同步削减,披露日: 2026-02-12
13F Hedge Funds,Renaissance Technologies,Q4 2025,2025-12-31,APP,AppLovin,Reduced,-460,,广告科技获利了结,披露日: 2026-02-12
13F Hedge Funds,Renaissance Technologies,Q4 2025,2025-12-31,MSFT,Microsoft,Reduced,-305,,微软仓位削减,披露日: 2026-02-12
13F Hedge Funds,Renaissance Technologies,Q1 2026,2026-03-31,AAPL,Apple,New Position,780,,新建仓308万股,披露日: 2026-05-15
13F Hedge Funds,Renaissance Technologies,Q1 2026,2026-03-31,AXP,American Express,New Position,164,,金融服务新仓,披露日: 2026-05-15
13F Hedge Funds,Renaissance Technologies,Q1 2026,2026-03-31,NEM,Newmont,New Position,180,,黄金矿企新仓,披露日: 2026-05-15
13F Hedge Funds,Renaissance Technologies,Q1 2026,2026-03-31,META,Meta Platforms,New Position,145,,25.3万股新建仓,披露日: 2026-05-15
13F Hedge Funds,Renaissance Technologies,Q1 2026,2026-03-31,NVDA,NVIDIA,Added,,,扩大现有仓位,披露日: 2026-05-15
13F Hedge Funds,Renaissance Technologies,Q1 2026,2026-03-31,AMZN,Amazon.com,Exited,,-100,完全清仓亚马逊,披露日: 2026-05-15
13F Hedge Funds,Millennium Management,Q4 2025,2025-12-31,IWM,iShares Russell 2000 ETF,Added,3000,,最大加仓：小盘股轮换,披露日: 2026-02-17
13F Hedge Funds,Millennium Management,Q4 2025,2025-12-31,NVDA,NVIDIA,Added,2000,,AI芯片核心仓位,披露日: 2026-02-17
13F Hedge Funds,Millennium Management,Q4 2025,2025-12-31,AAPL,Apple,Added,1800,,防御性大市值加仓,披露日: 2026-02-17
13F Hedge Funds,Millennium Management,Q4 2025,2025-12-31,SPY,SPDR S&P 500 ETF,Reduced,-3400,,指数对冲减仓,披露日: 2026-02-17
13F Hedge Funds,Millennium Management,Q4 2025,2025-12-31,APP,AppLovin,Reduced,-1900,,高飞股获利了结,披露日: 2026-02-17
13F Hedge Funds,Millennium Management,Q4 2025,2025-12-31,PLTR,Palantir Technologies,Reduced,-792,,AI概念股获利了结,披露日: 2026-02-17
13F Hedge Funds,Millennium Management,Q1 2026,2026-03-31,NVDA,NVIDIA,Held,,,Q1 13F已申报，详细变动待聚合（总AUM $2380亿）,披露日: 2026-05-15
13F Hedge Funds,Millennium Management,Q1 2026,2026-03-31,IWM,iShares Russell 2000 ETF,Held,,,Q1持仓数据处理中,披露日: 2026-05-15
13F Hedge Funds,Point72 Asset Management,Q4 2025,2025-12-31,TSM,Taiwan Semiconductor,New Position,870,,最大新仓：AI供应链,披露日: 2026-02-14
13F Hedge Funds,Point72 Asset Management,Q4 2025,2025-12-31,NVDA,NVIDIA,New Position,510,,AI芯片直接敞口,披露日: 2026-02-14
13F Hedge Funds,Point72 Asset Management,Q4 2025,2025-12-31,AMZN,Amazon.com,New Position,492,,云超大规模新仓,披露日: 2026-02-14
13F Hedge Funds,Point72 Asset Management,Q4 2025,2025-12-31,EQIX,Equinix,Added,487,+467,数据中心REIT大幅加仓,披露日: 2026-02-14
13F Hedge Funds,Point72 Asset Management,Q4 2025,2025-12-31,AVGO,Broadcom,New Position,439,,AI网络芯片新仓,披露日: 2026-02-14
13F Hedge Funds,Point72 Asset Management,Q4 2025,2025-12-31,TDG,TransDigm Group,New Position,336,,航空防务新仓25.3万股,披露日: 2026-02-14
13F Hedge Funds,Point72 Asset Management,Q4 2025,2025-12-31,PEP,PepsiCo,Added,,+1500,防御性消费大幅加仓,披露日: 2026-02-14
13F Hedge Funds,Point72 Asset Management,Q4 2025,2025-12-31,CHD,Church & Dwight,Exited,,-100,消费必需品清仓,披露日: 2026-02-14
13F Hedge Funds,Point72 Asset Management,Q4 2025,2025-12-31,MAS,Masco Corp,Exited,,-100,家居改善清仓,披露日: 2026-02-14
13F Hedge Funds,Point72 Asset Management,Q1 2026,2026-03-31,TSM,Taiwan Semiconductor,Reduced,-881.0,-61.3,继续增持AI供应链；已按 EDGAR 校正,披露日: 2026-05-15
13F Hedge Funds,Point72 Asset Management,Q1 2026,2026-03-31,AVGO,Broadcom,Reduced,-400.2,-26.7,AI芯片继续加仓；已按 EDGAR 校正,披露日: 2026-05-15
13F Hedge Funds,Point72 Asset Management,Q1 2026,2026-03-31,AMZN,Amazon.com,Added,592,,云仓位扩大,披露日: 2026-05-15
13F Hedge Funds,Point72 Asset Management,Q1 2026,2026-03-31,EQIX,Equinix,Added,511,,数据中心再加仓,披露日: 2026-05-15
13F Hedge Funds,Point72 Asset Management,Q1 2026,2026-03-31,NVDA,NVIDIA,Reduced,-455.1,-17.9,AI芯片继续累积；已按 EDGAR 校正,披露日: 2026-05-15
13F Hedge Funds,Point72 Asset Management,Q1 2026,2026-03-31,SPOT,Spotify,Added,456,,流媒体加仓,披露日: 2026-05-15
13F Hedge Funds,Point72 Asset Management,Q1 2026,2026-03-31,XBI,iShares Biotech ETF,Added,459,,生物科技ETF新仓,披露日: 2026-05-15
13F Hedge Funds,Point72 Asset Management,Q1 2026,2026-03-31,SPY,SPDR S&P 500 ETF,Reduced,-2300,,宽指减仓轮换个股,披露日: 2026-05-15
13F Hedge Funds,Point72 Asset Management,Q1 2026,2026-03-31,AMD,Advanced Micro Devices,Reduced,-379,,AMD减仓转向NVDA/AVGO,披露日: 2026-05-15
13F Hedge Funds,Point72 Asset Management,Q1 2026,2026-03-31,MSFT,Microsoft,Reduced,-343,,微软小幅减仓,披露日: 2026-05-15
13F Hedge Funds,Bridgewater Associates,Q4 2025,2025-12-31,SPY,SPDR S&P 500 ETF,Added,1300,+73.7,最大加仓，增至组合11.1%,披露日: 2026-02-13
13F Hedge Funds,Bridgewater Associates,Q4 2025,2025-12-31,IVV,iShares Core S&P 500,Added,,,第二大持仓+3.37%至10.5%,披露日: 2026-02-13
13F Hedge Funds,Bridgewater Associates,Q4 2025,2025-12-31,NVDA,NVIDIA,Added,253,+54,AI核心仓位扩大,披露日: 2026-02-13
13F Hedge Funds,Bridgewater Associates,Q4 2025,2025-12-31,AMZN,Amazon.com,Added,190,+73,云计算加仓,披露日: 2026-02-13
13F Hedge Funds,Bridgewater Associates,Q4 2025,2025-12-31,ORCL,Oracle,Added,286,,云基础设施布局,披露日: 2026-02-13
13F Hedge Funds,Bridgewater Associates,Q4 2025,2025-12-31,MU,Micron Technology,Added,253,,内存半导体加仓,披露日: 2026-02-13
13F Hedge Funds,Bridgewater Associates,Q4 2025,2025-12-31,NEM,Newmont,Added,192,,黄金对冲加仓,披露日: 2026-02-13
13F Hedge Funds,Bridgewater Associates,Q4 2025,2025-12-31,GOOGL,Alphabet,Reduced,-333,-40,AI搜索大幅减仓,披露日: 2026-02-13
13F Hedge Funds,Bridgewater Associates,Q4 2025,2025-12-31,MSFT,Microsoft,Reduced,,-10,小幅减仓,披露日: 2026-02-13
13F Hedge Funds,Bridgewater Associates,Q4 2025,2025-12-31,META,Meta Platforms,Reduced,-128,,社交媒体减仓,披露日: 2026-02-13
13F Hedge Funds,Bridgewater Associates,Q4 2025,2025-12-31,WFC,Wells Fargo,Reduced,-130,,金融轮换,披露日: 2026-02-13
13F Hedge Funds,Bridgewater Associates,Q1 2026,2026-03-31,SPY,SPDR S&P 500 ETF,Held,,,Q1 13F已申报，详细变动待聚合,披露日: 2026-05-15
13F Hedge Funds,Bridgewater Associates,Q1 2026,2026-03-31,NVDA,NVIDIA,Held,,,Q1数据处理中（组合总值$274亿）,披露日: 2026-05-15
13F Hedge Funds,DE Shaw,Q4 2025,2025-12-31,NVDA,NVIDIA,Held,,,4558只持仓，总值1824亿，量化策略广泛分散,披露日: 2026-02-17
13F Hedge Funds,DE Shaw,Q4 2025,2025-12-31,AAPL,Apple,Held,,,量化多因子策略横跨所有板块,披露日: 2026-02-17
13F Hedge Funds,DE Shaw,Q4 2025,2025-12-31,MSFT,Microsoft,Held,,,广泛分散，单仓权重均低于1%,披露日: 2026-02-17
13F Hedge Funds,DE Shaw,Q1 2026,2026-03-31,NVDA,NVIDIA,Held,,,Q1 13F已申报，详细数据聚合中,披露日: 2026-05-15
13F Hedge Funds,DE Shaw,Q1 2026,2026-03-31,AAPL,Apple,Held,,,量化策略，变动依赖信号,披露日: 2026-05-15
13F Hedge Funds,Pershing Square,Q4 2025,2025-12-31,AMZN,Amazon.com,Added,,+65,大幅加仓，升至组合第三大持仓14.28%,披露日: 2026-02-17
13F Hedge Funds,Pershing Square,Q4 2025,2025-12-31,META,Meta Platforms,New Position,,,新建仓11.37%，成为前五大持仓,披露日: 2026-02-17
13F Hedge Funds,Pershing Square,Q4 2025,2025-12-31,BN,Brookfield Corp,Held,,0,最大持仓18.15%,披露日: 2026-02-17
13F Hedge Funds,Pershing Square,Q4 2025,2025-12-31,UBER,Uber Technologies,Reduced,,,小幅减仓，仍为15.9%,披露日: 2026-02-17
13F Hedge Funds,Pershing Square,Q4 2025,2025-12-31,GOOGL,Alphabet Class C,Held,,0,持仓12.46%,披露日: 2026-02-17
13F Hedge Funds,Pershing Square,Q4 2025,2025-12-31,CMG,Chipotle Mexican Grill,Exited,,-100,估值原因完全清仓,披露日: 2026-02-17
13F Hedge Funds,Pershing Square,Q4 2025,2025-12-31,HLT,Hilton Worldwide,Exited,,-100,估值原因完全清仓,披露日: 2026-02-17
13F Hedge Funds,Pershing Square,Q1 2026,2026-03-31,MSFT,Microsoft,New Position,2300,,新建仓570万股；从2026年2月起建仓（MSFT跌超13%时）,2026-02 起建仓（MSFT Q2财报后大跌时入场）；披露日: 2026-05-15
13F Hedge Funds,Pershing Square,Q1 2026,2026-03-31,AMZN,Amazon.com,Added,,+19,加仓184万股,披露日: 2026-05-15
13F Hedge Funds,Pershing Square,Q1 2026,2026-03-31,GOOGL,Alphabet,Reduced,,-95,从610万股大削至31.2万股,2026-02 起同步大幅减仓（与MSFT建仓同期）；披露日: 2026-05-15
13F Hedge Funds,Pershing Square,Q1 2026,2026-03-31,META,Meta Platforms,Reduced,,,Q4新仓后Q1减持,披露日: 2026-05-15
13F Hedge Funds,Pershing Square,Q1 2026,2026-03-31,BN,Brookfield Corp,Held,,0,最大持仓17.62%,披露日: 2026-05-15
13F Hedge Funds,Pershing Square,Q1 2026,2026-03-31,UBER,Uber Technologies,Held,,0,第三大持仓15.71%,披露日: 2026-05-15
13F Hedge Funds,Appaloosa Management,Q4 2025,2025-12-31,MU,Micron Technology,Added,,+200,三倍加仓，跃升至前5持仓6.25%,披露日: 2026-02-14
13F Hedge Funds,Appaloosa Management,Q4 2025,2025-12-31,GOOGL,Alphabet,Added,,+29,AI搜索加仓,披露日: 2026-02-14
13F Hedge Funds,Appaloosa Management,Q4 2025,2025-12-31,META,Meta Platforms,Added,,,社交AI仓位扩大,披露日: 2026-02-14
13F Hedge Funds,Appaloosa Management,Q4 2025,2025-12-31,TSM,Taiwan Semiconductor,Added,,,晶圆代工新/加仓,披露日: 2026-02-14
13F Hedge Funds,Appaloosa Management,Q4 2025,2025-12-31,AAL,American Airlines,New Position,,,航空新仓,披露日: 2026-02-14
13F Hedge Funds,Appaloosa Management,Q4 2025,2025-12-31,EWY,iShares MSCI South Korea ETF,New Position,,,新兴市场新仓,披露日: 2026-02-14
13F Hedge Funds,Appaloosa Management,Q4 2025,2025-12-31,BABA,Alibaba Group,Reduced,,-17,从15.61%降至10.99%，减持130万股,披露日: 2026-02-14
13F Hedge Funds,Appaloosa Management,Q4 2025,2025-12-31,AMZN,Amazon.com,Reduced,,-12.8,小幅减仓，仍为第三大持仓,披露日: 2026-02-14
13F Hedge Funds,Appaloosa Management,Q4 2025,2025-12-31,NVDA,NVIDIA,Reduced,,,NVDA获利了结,披露日: 2026-02-14
13F Hedge Funds,Appaloosa Management,Q1 2026,2026-03-31,QCOM,Qualcomm,Reduced,-131.6,-56.5,半导体周期反弹押注；已按 EDGAR 校正,披露日: 2026-05-15
13F Hedge Funds,Appaloosa Management,Q1 2026,2026-03-31,MU,Micron Technology,Reduced,63.0,-4.9,内存周期持续加仓；已按 EDGAR 校正,披露日: 2026-05-15
13F Hedge Funds,Appaloosa Management,Q1 2026,2026-03-31,MHK,Mohawk Industries,Exited,-73.8,-100,住宅复苏押注；已按 EDGAR 校正,披露日: 2026-05-15
13F Hedge Funds,Appaloosa Management,Q1 2026,2026-03-31,OC,Owens Corning,Exited,-106.3,-100,建材加仓；已按 EDGAR 校正,披露日: 2026-05-15
13F Hedge Funds,Appaloosa Management,Q1 2026,2026-03-31,BABA,Alibaba Group,Reduced,,,小幅再减，仍为最大持仓,披露日: 2026-05-15
13F Hedge Funds,Appaloosa Management,Q1 2026,2026-03-31,FI,Fiserv,Exited,,-100,金融科技清仓,披露日: 2026-05-15
13F Hedge Funds,Appaloosa Management,Q1 2026,2026-03-31,TFC,Truist Financial,Exited,,-100,区域银行清仓,披露日: 2026-05-15
13F Hedge Funds,Appaloosa Management,Q1 2026,2026-03-31,CZR,Caesars Entertainment,Exited,,-100,赌博/休闲清仓,披露日: 2026-05-15
13F Hedge Funds,Third Point,Q4 2025,2025-12-31,NVDA,NVIDIA,Added,,,连续第4季加仓，达7.57%,披露日: 2026-02-17
13F Hedge Funds,Third Point,Q4 2025,2025-12-31,UNP,Union Pacific,New Position,,,铁路资产稀缺性新仓，5.76%,披露日: 2026-02-17
13F Hedge Funds,Third Point,Q4 2025,2025-12-31,CMG,Chipotle Mexican Grill,New Position,,,消费品牌新仓,披露日: 2026-02-17
13F Hedge Funds,Third Point,Q4 2025,2025-12-31,CEG,Constellation Energy,New Position,,,核电/AI电力需求新仓,披露日: 2026-02-17
13F Hedge Funds,Third Point,Q4 2025,2025-12-31,SPOT,Spotify,New Position,,,流媒体平台新仓,披露日: 2026-02-17
13F Hedge Funds,Third Point,Q4 2025,2025-12-31,PGR,Progressive Corp,New Position,,,保险板块新仓,披露日: 2026-02-17
13F Hedge Funds,Third Point,Q4 2025,2025-12-31,VST,Vistra Energy,Added,,,电力/能源加仓,披露日: 2026-02-17
13F Hedge Funds,Third Point,Q4 2025,2025-12-31,CRH,CRH plc,Added,,,建材基础设施加仓,披露日: 2026-02-17
13F Hedge Funds,Third Point,Q4 2025,2025-12-31,PCG,PG&E Corporation,Held,,0,最大持仓7.59%,披露日: 2026-02-17
13F Hedge Funds,Third Point,Q4 2025,2025-12-31,META,Meta Platforms,Exited,,-100,2季度买入后完全清仓,披露日: 2026-02-17
13F Hedge Funds,Third Point,Q4 2025,2025-12-31,FLUT,Flutter Entertainment,Exited,,-100,游戏清仓,披露日: 2026-02-17
13F Hedge Funds,Third Point,Q4 2025,2025-12-31,APO,Apollo Global,Exited,,-100,另类资产管理清仓,披露日: 2026-02-17
13F Hedge Funds,Third Point,Q1 2026,2026-03-31,MSFT,Microsoft,Exited,-447.3,-100,最大加仓，Azure AI平台；已按 EDGAR 校正,披露日: 2026-05-15
13F Hedge Funds,Third Point,Q1 2026,2026-03-31,NSC,Norfolk Southern,Reduced,-252.8,-89.7,铁路价值标的：运营扰动后入场；已按 EDGAR 校正,披露日: 2026-05-15
13F Hedge Funds,Third Point,Q1 2026,2026-03-31,AMZN,Amazon.com,Reduced,-95.7,-10.4,小幅加仓，6.9%仓位；已按 EDGAR 校正,披露日: 2026-05-15
13F Hedge Funds,Third Point,Q1 2026,2026-03-31,PCG,PG&E Corporation,Reduced,,,小幅减仓，仍为最大持仓8.4%,披露日: 2026-05-15
13F Hedge Funds,Third Point,Q1 2026,2026-03-31,CEG,Constellation Energy,Exited,-167.8,-100,核电/AI电力需求持续看好；已按 EDGAR 校正,披露日: 2026-05-15
13F Hedge Funds,Third Point,Q1 2026,2026-03-31,SPOT,Spotify,Exited,-58.1,-100,流媒体持仓维持；已按 EDGAR 校正,披露日: 2026-05-15
Alternative Assets,Blackstone,Q4 2025,2025-12-31,DATA CENTER,AI/数据中心基础设施,New Position,,,私募市场：数据中心收购加速,披露日: 2026-02-17
Alternative Assets,Blackstone,Q1 2026,2026-03-31,DATA CENTER,AI/数据中心基础设施,Added,,,持续部署，管理资产规模$1.3万亿,披露日: 2026-05-15
Alternative Assets,Blackstone,Q1 2026,2026-03-31,HEALTHCARE,医疗教育PE,Added,,,医疗教育私募投资,披露日: 2026-05-15
Alternative Assets,KKR,Q4 2025,2025-12-31,PRIVATE CREDIT,私募信贷,Added,,,扩大私募信贷规模（$7440亿AUM）,披露日: 2026-02-17
Alternative Assets,KKR,Q1 2026,2026-03-31,DATA CENTER,AI/数据中心基础设施,New Position,,,PE复兴：主导数据中心收购,披露日: 2026-05-15
Alternative Assets,KKR,Q1 2026,2026-03-31,PRIVATE CREDIT,私募信贷,Added,,,信贷策略持续扩张,披露日: 2026-05-15
Alternative Assets,Apollo Global Management,Q4 2025,2025-12-31,PRIVATE CREDIT,私募信贷,Added,,,信贷为主策略（$7850亿AUM）,披露日: 2026-02-17
Alternative Assets,Apollo Global Management,Q1 2026,2026-03-31,DATA CENTER,AI/数据中心基础设施,New Position,,,AI基础设施投资,披露日: 2026-05-15
Alternative Assets,Apollo Global Management,Q1 2026,2026-03-31,PRIVATE CREDIT,私募信贷,Added,,,信贷规模持续扩张,披露日: 2026-05-15
Long Only Asset Managers,Vanguard,Q4 2025,2025-12-31,NVDA,NVIDIA,Held,,0,最大持仓6.13%，组合总值$6.9万亿,披露日: 2026-01-29
Long Only Asset Managers,Vanguard,Q4 2025,2025-12-31,AAPL,Apple,Held,,0,第二大持仓5.62%,披露日: 2026-01-29
Long Only Asset Managers,Vanguard,Q4 2025,2025-12-31,MSFT,Microsoft,Held,,0,第三大持仓5.03%,披露日: 2026-01-29
Long Only Asset Managers,Vanguard,Q4 2025,2025-12-31,AMZN,Amazon.com,Held,,0,第四大持仓2.83%,披露日: 2026-01-29
Long Only Asset Managers,Vanguard,Q4 2025,2025-12-31,AVGO,Broadcom,Held,,0,第五大持仓2.42%,披露日: 2026-01-29
Long Only Asset Managers,Vanguard,Q1 2026,2026-03-31,NVDA,NVIDIA,Held,,,被动指数，反映指数权重变化,披露日: 2026-05-15
Long Only Asset Managers,Vanguard,Q1 2026,2026-03-31,AAPL,Apple,Held,,,被动指数，$6.9万亿规模,披露日: 2026-05-15
Long Only Asset Managers,Vanguard,Q1 2026,2026-03-31,MSFT,Microsoft,Held,,,被动指数持仓,披露日: 2026-05-15
AI Core Holdings,NVIDIA,Q4 2025,2025-12-31,NVDA,NVIDIA Corp,Smart Money Buy,,,Millennium +$2B; Bridgewater +54%; Goldman持有; JPMorgan最大仓位$91B,披露日: 2026-02-17
AI Core Holdings,NVIDIA,Q1 2026,2026-03-31,NVDA,NVIDIA Corp,Smart Money Buy,,,Goldman +$7.7B; JPMorgan +$13B; RenTec加仓; Berkshire+GOOGL; Point72持续加仓,披露日: 2026-05-15
AI Core Holdings,Alphabet,Q4 2025,2025-12-31,GOOGL,Alphabet Class A,Mixed Signal,,,Berkshire+225% GOOGL；Bridgewater -40%；Appaloosa +29%；RenTec -$723M,披露日: 2026-02-17
AI Core Holdings,Alphabet,Q1 2026,2026-03-31,GOOGL,Alphabet Class A,Mixed Signal,,,Pershing Square -95%；Citadel +$1.7B；Third Point持仓；Morgan Stanley +$1.7B,披露日: 2026-05-15
Core Smart Money,BlackRock,Q2 2026,2026-06-30,MU,Micron,Added,86127.9,1.5,EDGAR 13F 自动生成，待人工复核,披露日: 2026-08-07
Core Smart Money,BlackRock,Q2 2026,2026-06-30,AMD,AMD,Added,57658.4,3.1,EDGAR 13F 自动生成，待人工复核,披露日: 2026-08-07
Core Smart Money,BlackRock,Q2 2026,2026-06-30,NVDA,Nvidia,Added,52516.9,0.8,EDGAR 13F 自动生成，待人工复核,披露日: 2026-08-07
Core Smart Money,BlackRock,Q2 2026,2026-06-30,AAPL,Apple,Added,46435.2,1.7,EDGAR 13F 自动生成，待人工复核,披露日: 2026-08-07
Core Smart Money,BlackRock,Q2 2026,2026-06-30,INTC,Intel,Reduced,39788.1,-4.8,EDGAR 13F 自动生成，待人工复核,披露日: 2026-08-07
Core Smart Money,BlackRock,Q2 2026,2026-06-30,GOOGL,Alphabet A,Added,36204.0,3.1,EDGAR 13F 自动生成，待人工复核,披露日: 2026-08-07
Core Smart Money,BlackRock,Q2 2026,2026-06-30,AMAT,Applied Materials,Added,31000.8,1.6,EDGAR 13F 自动生成，待人工复核,披露日: 2026-08-07
Core Smart Money,BlackRock,Q2 2026,2026-06-30,AVGO,Broadcom,Added,30977.5,3.2,EDGAR 13F 自动生成，待人工复核,披露日: 2026-08-07
Core Smart Money,BlackRock,Q2 2026,2026-06-30,LRCX,Lam Research,Reduced,29162.9,-0.1,EDGAR 13F 自动生成，待人工复核,披露日: 2026-08-07
Core Smart Money,BlackRock,Q2 2026,2026-06-30,GOOG,Alphabet C,Added,26070.2,1.4,EDGAR 13F 自动生成，待人工复核,披露日: 2026-08-07
Core Smart Money,BlackRock,Q2 2026,2026-06-30,AMZN,Amazon,Added,25517.0,1.9,EDGAR 13F 自动生成，待人工复核,披露日: 2026-08-07
Core Smart Money,BlackRock,Q2 2026,2026-06-30,LLY,Eli Lilly,Added,19850.9,1.6,EDGAR 13F 自动生成，待人工复核,披露日: 2026-08-07
Core Smart Money,BlackRock,Q2 2026,2026-06-30,KLAC,KLA Corporation,Added,19528.6,901.9,EDGAR 13F 自动生成，待人工复核,披露日: 2026-08-07
Core Smart Money,BlackRock,Q2 2026,2026-06-30,MRVL,Marvell Technology,Added,19188.0,34.1,EDGAR 13F 自动生成，待人工复核,披露日: 2026-08-07
Core Smart Money,BlackRock,Q2 2026,2026-06-30,SNDK,SanDisk,Reduced,16799.0,-1.0,EDGAR 13F 自动生成，待人工复核,披露日: 2026-08-07
Core Smart Money,BlackRock,Q2 2026,2026-06-30,PANW,Palo Alto Networks,Added,14221.3,4.6,EDGAR 13F 自动生成，待人工复核,披露日: 2026-08-07
Core Smart Money,BlackRock,Q2 2026,2026-06-30,CAT,Caterpillar,Added,14112.4,2.2,EDGAR 13F 自动生成，待人工复核,披露日: 2026-08-07
Core Smart Money,BlackRock,Q2 2026,2026-06-30,CSCO,Cisco Systems,Reduced,13793.0,-1.8,EDGAR 13F 自动生成，待人工复核,披露日: 2026-08-07
Core Smart Money,BlackRock,Q2 2026,2026-06-30,TSLA,Tesla,Added,12729.9,2.9,EDGAR 13F 自动生成，待人工复核,披露日: 2026-08-07
Core Smart Money,BlackRock,Q2 2026,2026-06-30,UNH,UnitedHealth,Added,12067.0,4.6,EDGAR 13F 自动生成，待人工复核,披露日: 2026-08-07
Core Smart Money,BlackRock,Q2 2026,2026-06-30,WDC,Western Digital,Reduced,11372.9,-7.9,EDGAR 13F 自动生成，待人工复核,披露日: 2026-08-07
Core Smart Money,BlackRock,Q2 2026,2026-06-30,HON,Honeywell International,Exited,-11047.4,-100,EDGAR 13F 自动生成，待人工复核,披露日: 2026-08-07
Core Smart Money,BlackRock,Q2 2026,2026-06-30,IVV,iShares Core S&P 500 ETF,Added,9639.9,1.9,EDGAR 13F 自动生成，待人工复核,披露日: 2026-08-07
Core Smart Money,BlackRock,Q2 2026,2026-06-30,SPCX,SpaceX,New Position,9355.5,,EDGAR 13F 自动生成，待人工复核,披露日: 2026-08-07
Core Smart Money,BlackRock,Q2 2026,2026-06-30,STX,Seagate Technology,Added,9043.9,6.3,EDGAR 13F 自动生成，待人工复核,披露日: 2026-08-07
Core Smart Money,BlackRock,Q2 2026,2026-06-30,XOM,Exxon Mobil,Added,-8989.7,3.7,EDGAR 13F 自动生成，待人工复核,披露日: 2026-08-07
Core Smart Money,BlackRock,Q2 2026,2026-06-30,TXN,Texas Instruments,Added,8781.9,1.3,EDGAR 13F 自动生成，待人工复核,披露日: 2026-08-07
Core Smart Money,BlackRock,Q2 2026,2026-06-30,NFLX,Netflix,Added,-8401.4,0.7,EDGAR 13F 自动生成，待人工复核,披露日: 2026-08-07
Core Smart Money,BlackRock,Q2 2026,2026-06-30,CRWD,CrowdStrike,Added,8327.4,2.2,EDGAR 13F 自动生成，待人工复核,披露日: 2026-08-07
Core Smart Money,BlackRock,Q2 2026,2026-06-30,GLW,Corning,Reduced,7820.9,-0.9,EDGAR 13F 自动生成，待人工复核,披露日: 2026-08-07
Core Smart Money,BlackRock,Q2 2026,2026-06-30,GE,GE Aerospace,Reduced,7560.9,-1.8,EDGAR 13F 自动生成，待人工复核,披露日: 2026-08-07
Core Smart Money,BlackRock,Q2 2026,2026-06-30,GEV,GE Vernova,Added,7331.0,4.2,EDGAR 13F 自动生成，待人工复核,披露日: 2026-08-07
Core Smart Money,BlackRock,Q2 2026,2026-06-30,MSFT,Microsoft,Added,6908.8,2.4,EDGAR 13F 自动生成，待人工复核,披露日: 2026-08-07
Core Smart Money,BlackRock,Q2 2026,2026-06-30,DELL,Dell Technologies,Reduced,6333.5,-2.6,EDGAR 13F 自动生成，待人工复核,披露日: 2026-08-07
Core Smart Money,BlackRock,Q2 2026,2026-06-30,JPM,JPMorgan,Reduced,6263.1,-0.9,EDGAR 13F 自动生成，待人工复核,披露日: 2026-08-07
Core Smart Money,BlackRock,Q2 2026,2026-06-30,V,Visa,Added,6070.5,1.1,EDGAR 13F 自动生成，待人工复核,披露日: 2026-08-07
Core Smart Money,BlackRock,Q2 2026,2026-06-30,PLTR,Palantir,Added,-5509.7,0.4,EDGAR 13F 自动生成，待人工复核,披露日: 2026-08-07
Core Smart Money,BlackRock,Q2 2026,2026-06-30,ALAB,Astera Labs,Added,5354.7,19.5,EDGAR 13F 自动生成，待人工复核,披露日: 2026-08-07
Core Smart Money,BlackRock,Q2 2026,2026-06-30,HONA,Honeywell Aerospace,New Position,5253.3,,EDGAR 13F 自动生成，待人工复核,披露日: 2026-08-07
Core Smart Money,BlackRock,Q2 2026,2026-06-30,HON,Honeywell International,New Position,5100.1,,EDGAR 13F 自动生成，待人工复核,披露日: 2026-08-07
Core Smart Money,JPMorgan Chase,Q2 2026,2026-06-30,MU,Micron,Added,24513.0,63.8,EDGAR 13F 自动生成，待人工复核,披露日: 2026-08-12
Core Smart Money,JPMorgan Chase,Q2 2026,2026-06-30,AMD,AMD,Added,16992.7,66.2,EDGAR 13F 自动生成，待人工复核,披露日: 2026-08-12
Core Smart Money,JPMorgan Chase,Q2 2026,2026-06-30,GOOG,Alphabet C,Added,15692.8,15.0,EDGAR 13F 自动生成，待人工复核,披露日: 2026-08-12
Core Smart Money,JPMorgan Chase,Q2 2026,2026-06-30,NVDA,Nvidia,Added,13657.5,0.4,EDGAR 13F 自动生成，待人工复核,披露日: 2026-08-12
Core Smart Money,JPMorgan Chase,Q2 2026,2026-06-30,GOOGL,Alphabet A,Added,13109.2,29.6,EDGAR 13F 自动生成，待人工复核,披露日: 2026-08-12
Core Smart Money,JPMorgan Chase,Q2 2026,2026-06-30,LRCX,Lam Research,Added,12081.1,38.5,EDGAR 13F 自动生成，待人工复核,披露日: 2026-08-12
Core Smart Money,JPMorgan Chase,Q2 2026,2026-06-30,AVGO,Broadcom,Added,8458.8,3.5,EDGAR 13F 自动生成，待人工复核,披露日: 2026-08-12
Core Smart Money,JPMorgan Chase,Q2 2026,2026-06-30,AMAT,Applied Materials,Added,8054.5,182.0,EDGAR 13F 自动生成，待人工复核,披露日: 2026-08-12
Core Smart Money,JPMorgan Chase,Q2 2026,2026-06-30,GLW,Corning,Added,7683.0,203.4,EDGAR 13F 自动生成，待人工复核,披露日: 2026-08-12
Core Smart Money,JPMorgan Chase,Q2 2026,2026-06-30,AAPL,Apple,Reduced,7326.4,-1.2,EDGAR 13F 自动生成，待人工复核,披露日: 2026-08-12
Core Smart Money,JPMorgan Chase,Q2 2026,2026-06-30,SNDK,SanDisk,Added,7263.5,175.8,EDGAR 13F 自动生成，待人工复核,披露日: 2026-08-12
Core Smart Money,JPMorgan Chase,Q2 2026,2026-06-30,WDC,Western Digital,Reduced,6679.8,-2.9,EDGAR 13F 自动生成，待人工复核,披露日: 2026-08-12
Core Smart Money,JPMorgan Chase,Q2 2026,2026-06-30,AMZN,Amazon,Reduced,6390.5,-0.6,EDGAR 13F 自动生成，待人工复核,披露日: 2026-08-12
Core Smart Money,JPMorgan Chase,Q2 2026,2026-06-30,SPY,SPDR S&P 500 ETF Trust,Added,6370.4,4.1,EDGAR 13F 自动生成，待人工复核,披露日: 2026-08-12
Core Smart Money,JPMorgan Chase,Q2 2026,2026-06-30,QQQ,Invesco QQQ Trust,Added,6195.1,137.9,EDGAR 13F 自动生成，待人工复核,披露日: 2026-08-12
Core Smart Money,JPMorgan Chase,Q2 2026,2026-06-30,XOM,Exxon Mobil,Reduced,-5907.7,-24.7,EDGAR 13F 自动生成，待人工复核,披露日: 2026-08-12
Core Smart Money,JPMorgan Chase,Q2 2026,2026-06-30,CAT,Caterpillar,Added,5606.2,149.1,EDGAR 13F 自动生成，待人工复核,披露日: 2026-08-12
Core Smart Money,JPMorgan Chase,Q2 2026,2026-06-30,INTC,Intel,Added,5293.8,54.0,EDGAR 13F 自动生成，待人工复核,披露日: 2026-08-12
Core Smart Money,JPMorgan Chase,Q2 2026,2026-06-30,PANW,Palo Alto Networks,Added,5130.6,61.2,EDGAR 13F 自动生成，待人工复核,披露日: 2026-08-12
Core Smart Money,JPMorgan Chase,Q2 2026,2026-06-30,CRWD,CrowdStrike,Added,4709.1,127.8,EDGAR 13F 自动生成，待人工复核,披露日: 2026-08-12
Core Smart Money,JPMorgan Chase,Q2 2026,2026-06-30,INTU,Intuit,Reduced,-4338.8,-63.3,EDGAR 13F 自动生成，待人工复核,披露日: 2026-08-12
Core Smart Money,JPMorgan Chase,Q2 2026,2026-06-30,SPY,SPDR S&P 500 ETF Trust,Reduced,-4188.0,-44.6,EDGAR 13F 自动生成，待人工复核,披露日: 2026-08-12
Core Smart Money,JPMorgan Chase,Q2 2026,2026-06-30,MSFT,Microsoft,Added,4186.7,6.3,EDGAR 13F 自动生成，待人工复核,披露日: 2026-08-12
Core Smart Money,JPMorgan Chase,Q2 2026,2026-06-30,WMT,Walmart,Reduced,-4087.9,-21.4,EDGAR 13F 自动生成，待人工复核,披露日: 2026-08-12
Core Smart Money,JPMorgan Chase,Q2 2026,2026-06-30,DELL,Dell Technologies,Added,3820.0,238.7,EDGAR 13F 自动生成，待人工复核,披露日: 2026-08-12
Core Smart Money,JPMorgan Chase,Q2 2026,2026-06-30,UNH,UnitedHealth,Added,3498.8,6.0,EDGAR 13F 自动生成，待人工复核,披露日: 2026-08-12
Core Smart Money,JPMorgan Chase,Q2 2026,2026-06-30,LLY,Eli Lilly,Reduced,3349.8,-8.0,EDGAR 13F 自动生成，待人工复核,披露日: 2026-08-12
Core Smart Money,JPMorgan Chase,Q2 2026,2026-06-30,MRVL,Marvell Technology,Added,3347.6,138.8,EDGAR 13F 自动生成，待人工复核,披露日: 2026-08-12
Core Smart Money,JPMorgan Chase,Q2 2026,2026-06-30,TSM,TSMC ADR,Reduced,3253.6,-0.6,EDGAR 13F 自动生成，待人工复核,披露日: 2026-08-12
Core Smart Money,JPMorgan Chase,Q2 2026,2026-06-30,MCD,McDonald's,Reduced,-3088.9,-15.2,EDGAR 13F 自动生成，待人工复核,披露日: 2026-08-12
Core Smart Money,JPMorgan Chase,Q2 2026,2026-06-30,CSCO,Cisco Systems,Added,3001.8,36.7,EDGAR 13F 自动生成，待人工复核,披露日: 2026-08-12
Core Smart Money,JPMorgan Chase,Q2 2026,2026-06-30,STX,Seagate Technology,Reduced,2623.9,-21.9,EDGAR 13F 自动生成，待人工复核,披露日: 2026-08-12
Core Smart Money,JPMorgan Chase,Q2 2026,2026-06-30,INSM,Insmed,Reduced,-2610.5,-56.8,EDGAR 13F 自动生成，待人工复核,披露日: 2026-08-12
Core Smart Money,JPMorgan Chase,Q2 2026,2026-06-30,NFLX,Netflix,Reduced,-2582.8,-29.6,EDGAR 13F 自动生成，待人工复核,披露日: 2026-08-12
Core Smart Money,JPMorgan Chase,Q2 2026,2026-06-30,SPCX,SpaceX,New Position,2555.4,,EDGAR 13F 自动生成，待人工复核,披露日: 2026-08-12
Core Smart Money,JPMorgan Chase,Q2 2026,2026-06-30,MS,Morgan Stanley,Added,2491.1,1.8,EDGAR 13F 自动生成，待人工复核,披露日: 2026-08-12
Core Smart Money,JPMorgan Chase,Q2 2026,2026-06-30,SCHW,Charles Schwab,Reduced,-2420.4,-33.4,EDGAR 13F 自动生成，待人工复核,披露日: 2026-08-12
Core Smart Money,JPMorgan Chase,Q2 2026,2026-06-30,GE,GE Aerospace,Added,2407.3,21.0,EDGAR 13F 自动生成，待人工复核,披露日: 2026-08-12
Core Smart Money,JPMorgan Chase,Q2 2026,2026-06-30,GS,Goldman Sachs,Added,2374.3,11.4,EDGAR 13F 自动生成，待人工复核,披露日: 2026-08-12
Core Smart Money,JPMorgan Chase,Q2 2026,2026-06-30,CME,CME Group,Reduced,-2372.7,-52.8,EDGAR 13F 自动生成，待人工复核,披露日: 2026-08-12
Core Smart Money,Morgan Stanley,Q2 2026,2026-06-30,MU,Micron,Added,15630.4,9.7,EDGAR 13F 自动生成，待人工复核,披露日: 2026-08-13
Core Smart Money,Morgan Stanley,Q2 2026,2026-06-30,NVDA,Nvidia,Added,11504.9,3.9,EDGAR 13F 自动生成，待人工复核,披露日: 2026-08-13
Core Smart Money,Morgan Stanley,Q2 2026,2026-06-30,AMD,AMD,Added,9270.3,2.1,EDGAR 13F 自动生成，待人工复核,披露日: 2026-08-13
Core Smart Money,Morgan Stanley,Q2 2026,2026-06-30,GOOGL,Alphabet A,Reduced,8285.1,-0.4,EDGAR 13F 自动生成，待人工复核,披露日: 2026-08-13
Core Smart Money,Morgan Stanley,Q2 2026,2026-06-30,AAPL,Apple,Reduced,8157.6,-0.8,EDGAR 13F 自动生成，待人工复核,披露日: 2026-08-13
Core Smart Money,Morgan Stanley,Q2 2026,2026-06-30,AMZN,Amazon,Added,6529.1,3.1,EDGAR 13F 自动生成，待人工复核,披露日: 2026-08-13
Core Smart Money,Morgan Stanley,Q2 2026,2026-06-30,AVGO,Broadcom,Added,6353.9,4.1,EDGAR 13F 自动生成，待人工复核,披露日: 2026-08-13
Core Smart Money,Morgan Stanley,Q2 2026,2026-06-30,INTC,Intel,Added,6207.0,13.9,EDGAR 13F 自动生成，待人工复核,披露日: 2026-08-13
Core Smart Money,Morgan Stanley,Q2 2026,2026-06-30,AMAT,Applied Materials,Added,5729.6,14.2,EDGAR 13F 自动生成，待人工复核,披露日: 2026-08-13
Core Smart Money,Morgan Stanley,Q2 2026,2026-06-30,LLY,Eli Lilly,Added,5263.5,5.1,EDGAR 13F 自动生成，待人工复核,披露日: 2026-08-13
Core Smart Money,Morgan Stanley,Q2 2026,2026-06-30,GOOG,Alphabet C,Added,5031.4,1.1,EDGAR 13F 自动生成，待人工复核,披露日: 2026-08-13
Core Smart Money,Morgan Stanley,Q2 2026,2026-06-30,PANW,Palo Alto Networks,Reduced,4861.7,-8.9,EDGAR 13F 自动生成，待人工复核,披露日: 2026-08-13
Core Smart Money,Morgan Stanley,Q2 2026,2026-06-30,LRCX,Lam Research,Added,4274.3,1.3,EDGAR 13F 自动生成，待人工复核,披露日: 2026-08-13
Core Smart Money,Morgan Stanley,Q2 2026,2026-06-30,HON,Honeywell International,Exited,-4165.5,-100,EDGAR 13F 自动生成，待人工复核,披露日: 2026-08-13
Core Smart Money,Morgan Stanley,Q2 2026,2026-06-30,SNDK,SanDisk,Reduced,3654.8,-15.4,EDGAR 13F 自动生成，待人工复核,披露日: 2026-08-13
Core Smart Money,Morgan Stanley,Q2 2026,2026-06-30,CSCO,Cisco Systems,Added,3412.8,3.4,EDGAR 13F 自动生成，待人工复核,披露日: 2026-08-13
Core Smart Money,Morgan Stanley,Q2 2026,2026-06-30,IVV,iShares Core S&P 500 ETF,Added,3202.4,5.5,EDGAR 13F 自动生成，待人工复核,披露日: 2026-08-13
Core Smart Money,Morgan Stanley,Q2 2026,2026-06-30,QQQ,Invesco QQQ Trust,Reduced,3145.6,-1.8,EDGAR 13F 自动生成，待人工复核,披露日: 2026-08-13
Core Smart Money,Morgan Stanley,Q2 2026,2026-06-30,WDC,Western Digital,Added,3056.9,2.6,EDGAR 13F 自动生成，待人工复核,披露日: 2026-08-13
Core Smart Money,Morgan Stanley,Q2 2026,2026-06-30,STX,Seagate Technology,Reduced,2690.8,-0.8,EDGAR 13F 自动生成，待人工复核,披露日: 2026-08-13
Core Smart Money,Morgan Stanley,Q2 2026,2026-06-30,CAT,Caterpillar,Added,2678.3,0.1,EDGAR 13F 自动生成，待人工复核,披露日: 2026-08-13
Core Smart Money,Morgan Stanley,Q2 2026,2026-06-30,TSM,TSMC ADR,Added,2577.7,7.3,EDGAR 13F 自动生成，待人工复核,披露日: 2026-08-13
Core Smart Money,Morgan Stanley,Q2 2026,2026-06-30,KLAC,KLA Corporation,Added,2552.9,865.2,EDGAR 13F 自动生成，待人工复核,披露日: 2026-08-13
Core Smart Money,Morgan Stanley,Q2 2026,2026-06-30,VOO,Vanguard S&P 500 ETF,Added,2529.7,2.1,EDGAR 13F 自动生成，待人工复核,披露日: 2026-08-13
Core Smart Money,Morgan Stanley,Q2 2026,2026-06-30,NFLX,Netflix,Added,-2400.3,0.7,EDGAR 13F 自动生成，待人工复核,披露日: 2026-08-13
Core Smart Money,Morgan Stanley,Q2 2026,2026-06-30,CRWD,CrowdStrike,Reduced,2396.0,-1.0,EDGAR 13F 自动生成，待人工复核,披露日: 2026-08-13
Core Smart Money,Morgan Stanley,Q2 2026,2026-06-30,SPCX,SpaceX,New Position,2312.2,,EDGAR 13F 自动生成，待人工复核,披露日: 2026-08-13
Core Smart Money,Morgan Stanley,Q2 2026,2026-06-30,CRM,Salesforce,Reduced,-2260.9,-26.4,EDGAR 13F 自动生成，待人工复核,披露日: 2026-08-13
Core Smart Money,Morgan Stanley,Q2 2026,2026-06-30,SPY,SPDR S&P 500 ETF Trust,Reduced,-2230.6,-20.3,EDGAR 13F 自动生成，待人工复核,披露日: 2026-08-13
Core Smart Money,Morgan Stanley,Q2 2026,2026-06-30,XOM,Exxon Mobil,Added,-2180.1,1.9,EDGAR 13F 自动生成，待人工复核,披露日: 2026-08-13
Core Smart Money,Morgan Stanley,Q2 2026,2026-06-30,HON,Honeywell International,New Position,2156.6,,EDGAR 13F 自动生成，待人工复核,披露日: 2026-08-13
Core Smart Money,Morgan Stanley,Q2 2026,2026-06-30,UNH,UnitedHealth,Reduced,2100.4,-1.1,EDGAR 13F 自动生成，待人工复核,披露日: 2026-08-13
Core Smart Money,Morgan Stanley,Q2 2026,2026-06-30,ETHA,iShares Ethereum Trust,Added,2071.2,299.4,EDGAR 13F 自动生成，待人工复核,披露日: 2026-08-13
Core Smart Money,Morgan Stanley,Q2 2026,2026-06-30,HONA,Honeywell Aerospace,New Position,2053.1,,EDGAR 13F 自动生成，待人工复核,披露日: 2026-08-13
Core Smart Money,Morgan Stanley,Q2 2026,2026-06-30,MCK,McKesson,Added,2019.3,130.7,EDGAR 13F 自动生成，待人工复核,披露日: 2026-08-13
Core Smart Money,Morgan Stanley,Q2 2026,2026-06-30,DELL,Dell Technologies,Added,1961.2,6.4,EDGAR 13F 自动生成，待人工复核,披露日: 2026-08-13
Core Smart Money,Morgan Stanley,Q2 2026,2026-06-30,V,Visa,Reduced,1871.6,-0.0,EDGAR 13F 自动生成，待人工复核,披露日: 2026-08-13
Core Smart Money,Morgan Stanley,Q2 2026,2026-06-30,IEMG,iShares Core MSCI EM ETF,Added,1820.3,1.6,EDGAR 13F 自动生成，待人工复核,披露日: 2026-08-13
Core Smart Money,Morgan Stanley,Q2 2026,2026-06-30,MRVL,Marvell Technology,Added,1808.5,10.4,EDGAR 13F 自动生成，待人工复核,披露日: 2026-08-13
Core Smart Money,Morgan Stanley,Q2 2026,2026-06-30,JPM,JPMorgan,Reduced,1798.3,-2.1,EDGAR 13F 自动生成，待人工复核,披露日: 2026-08-13
13F Hedge Funds,Renaissance Technologies,Q2 2026,2026-06-30,META,Meta Platforms,Added,994.7,698.5,EDGAR 13F 自动生成，待人工复核,披露日: 2026-08-13
13F Hedge Funds,Renaissance Technologies,Q2 2026,2026-06-30,NVDA,Nvidia,Added,978.2,180.6,EDGAR 13F 自动生成，待人工复核,披露日: 2026-08-13
13F Hedge Funds,Renaissance Technologies,Q2 2026,2026-06-30,INTC,Intel,Reduced,695.8,-1.0,EDGAR 13F 自动生成，待人工复核,披露日: 2026-08-13
13F Hedge Funds,Renaissance Technologies,Q2 2026,2026-06-30,GOOGL,Alphabet A,Added,672.2,327.2,EDGAR 13F 自动生成，待人工复核,披露日: 2026-08-13
13F Hedge Funds,Renaissance Technologies,Q2 2026,2026-06-30,CRWD,CrowdStrike,New Position,571.6,,EDGAR 13F 自动生成，待人工复核,披露日: 2026-08-13
13F Hedge Funds,Renaissance Technologies,Q2 2026,2026-06-30,AMZN,Amazon,New Position,546.0,,EDGAR 13F 自动生成，待人工复核,披露日: 2026-08-13
13F Hedge Funds,Renaissance Technologies,Q2 2026,2026-06-30,GOOG,Alphabet C,Added,499.1,684.0,EDGAR 13F 自动生成，待人工复核,披露日: 2026-08-13
13F Hedge Funds,Renaissance Technologies,Q2 2026,2026-06-30,SNDK,SanDisk,Reduced,-496.7,-99.4,EDGAR 13F 自动生成，待人工复核,披露日: 2026-08-13
13F Hedge Funds,Renaissance Technologies,Q2 2026,2026-06-30,MU,Micron,Reduced,-486.5,-90.2,EDGAR 13F 自动生成，待人工复核,披露日: 2026-08-13
13F Hedge Funds,Renaissance Technologies,Q2 2026,2026-06-30,NFLX,Netflix,Added,484.4,275718.1,EDGAR 13F 自动生成，待人工复核,披露日: 2026-08-13
13F Hedge Funds,Renaissance Technologies,Q2 2026,2026-06-30,AMD,AMD,Added,421.0,282.4,EDGAR 13F 自动生成，待人工复核,披露日: 2026-08-13
13F Hedge Funds,Renaissance Technologies,Q2 2026,2026-06-30,TSLA,Tesla,Added,388.7,425.8,EDGAR 13F 自动生成，待人工复核,披露日: 2026-08-13
13F Hedge Funds,Renaissance Technologies,Q2 2026,2026-06-30,AAPL,Apple,Reduced,-321.5,-48.4,EDGAR 13F 自动生成，待人工复核,披露日: 2026-08-13
13F Hedge Funds,Renaissance Technologies,Q2 2026,2026-06-30,STX,Seagate Technology,Added,319.7,47.3,EDGAR 13F 自动生成，待人工复核,披露日: 2026-08-13
13F Hedge Funds,Renaissance Technologies,Q2 2026,2026-06-30,LIN,Linde,Reduced,-309.6,-99.2,EDGAR 13F 自动生成，待人工复核,披露日: 2026-08-13
13F Hedge Funds,Renaissance Technologies,Q2 2026,2026-06-30,TXN,Texas Instruments,Added,252.7,64.7,EDGAR 13F 自动生成，待人工复核,披露日: 2026-08-13
13F Hedge Funds,Renaissance Technologies,Q2 2026,2026-06-30,STRL,Sterling Infrastructure,Reduced,251.9,-12.4,EDGAR 13F 自动生成，待人工复核,披露日: 2026-08-13
13F Hedge Funds,Renaissance Technologies,Q2 2026,2026-06-30,MDT,Medtronic,New Position,247.8,,EDGAR 13F 自动生成，待人工复核,披露日: 2026-08-13
13F Hedge Funds,Renaissance Technologies,Q2 2026,2026-06-30,VRT,Vertiv,Reduced,-232.3,-96.8,EDGAR 13F 自动生成，待人工复核,披露日: 2026-08-13
13F Hedge Funds,Renaissance Technologies,Q2 2026,2026-06-30,CORT,Corcept Therapeutics,Reduced,228.4,-7.4,EDGAR 13F 自动生成，待人工复核,披露日: 2026-08-13
13F Hedge Funds,Renaissance Technologies,Q2 2026,2026-06-30,TJX,TJX Companies,Added,223.9,625.1,EDGAR 13F 自动生成，待人工复核,披露日: 2026-08-13
13F Hedge Funds,Renaissance Technologies,Q2 2026,2026-06-30,TSM,TSMC ADR,Added,213.6,49.5,EDGAR 13F 自动生成，待人工复核,披露日: 2026-08-13
13F Hedge Funds,Renaissance Technologies,Q2 2026,2026-06-30,COP,ConocoPhillips,New Position,210.3,,EDGAR 13F 自动生成，待人工复核,披露日: 2026-08-13
13F Hedge Funds,Renaissance Technologies,Q2 2026,2026-06-30,SHEL,Shell,New Position,209.0,,EDGAR 13F 自动生成，待人工复核,披露日: 2026-08-13
13F Hedge Funds,Renaissance Technologies,Q2 2026,2026-06-30,INTU,Intuit,New Position,199.7,,EDGAR 13F 自动生成，待人工复核,披露日: 2026-08-13
13F Hedge Funds,Renaissance Technologies,Q2 2026,2026-06-30,SMCI,Super Micro Computer,Added,197.7,11323.6,EDGAR 13F 自动生成，待人工复核,披露日: 2026-08-13
13F Hedge Funds,Renaissance Technologies,Q2 2026,2026-06-30,NU,Nu Holdings,Reduced,-196.0,-82.6,EDGAR 13F 自动生成，待人工复核,披露日: 2026-08-13
13F Hedge Funds,Renaissance Technologies,Q2 2026,2026-06-30,CRDO,Credo Technology,Added,195.6,133.0,EDGAR 13F 自动生成，待人工复核,披露日: 2026-08-13
13F Hedge Funds,Renaissance Technologies,Q2 2026,2026-06-30,KGC,Kinross Gold,Reduced,-195.1,-3.1,EDGAR 13F 自动生成，待人工复核,披露日: 2026-08-13
13F Hedge Funds,Renaissance Technologies,Q2 2026,2026-06-30,AGX,Argan,Added,185.0,6.1,EDGAR 13F 自动生成，待人工复核,披露日: 2026-08-13
13F Hedge Funds,Renaissance Technologies,Q2 2026,2026-06-30,SCHW,Charles Schwab,New Position,176.3,,EDGAR 13F 自动生成，待人工复核,披露日: 2026-08-13
13F Hedge Funds,Renaissance Technologies,Q2 2026,2026-06-30,APP,AppLovin,Exited,-173.7,-100,EDGAR 13F 自动生成，待人工复核,披露日: 2026-08-13
13F Hedge Funds,Renaissance Technologies,Q2 2026,2026-06-30,ADBE,Adobe,Reduced,-172.6,-72.4,EDGAR 13F 自动生成，待人工复核,披露日: 2026-08-13
13F Hedge Funds,Renaissance Technologies,Q2 2026,2026-06-30,MCK,McKesson,Added,171.4,208.0,EDGAR 13F 自动生成，待人工复核,披露日: 2026-08-13
13F Hedge Funds,Renaissance Technologies,Q2 2026,2026-06-30,SPY,SPDR S&P 500 ETF Trust,New Position,163.6,,EDGAR 13F 自动生成，待人工复核,披露日: 2026-08-13
13F Hedge Funds,Renaissance Technologies,Q2 2026,2026-06-30,V,Visa,Reduced,-162.2,-81.8,EDGAR 13F 自动生成，待人工复核,披露日: 2026-08-13
13F Hedge Funds,Renaissance Technologies,Q2 2026,2026-06-30,UNH,UnitedHealth,Reduced,-160.9,-68.3,EDGAR 13F 自动生成，待人工复核,披露日: 2026-08-13
13F Hedge Funds,Renaissance Technologies,Q2 2026,2026-06-30,DELL,Dell Technologies,Reduced,160.6,-10.4,EDGAR 13F 自动生成，待人工复核,披露日: 2026-08-13
13F Hedge Funds,Renaissance Technologies,Q2 2026,2026-06-30,VALE,Vale,Reduced,-156.6,-68.3,EDGAR 13F 自动生成，待人工复核,披露日: 2026-08-13
13F Hedge Funds,Renaissance Technologies,Q2 2026,2026-06-30,ICE,Intercontinental Exchange,New Position,156.3,,EDGAR 13F 自动生成，待人工复核,披露日: 2026-08-13
AI Core Holdings,Alphabet,Q2 2026,2026-06-30,SPCX,SpaceX,New Position,94176.2,,EDGAR 13F 自动生成，待人工复核,披露日: 2026-08-07
AI Core Holdings,Alphabet,Q2 2026,2026-06-30,RVMD,Revolution Medicines,Reduced,231.6,-10.5,EDGAR 13F 自动生成，待人工复核,披露日: 2026-08-07
AI Core Holdings,Alphabet,Q2 2026,2026-06-30,PBLS,Parabilis Medicines,New Position,134.6,,EDGAR 13F 自动生成，待人工复核,披露日: 2026-08-07
AI Core Holdings,Alphabet,Q2 2026,2026-06-30,FRVO,Fervo Energy,New Position,51.5,,EDGAR 13F 自动生成，待人工复核,披露日: 2026-08-07
AI Core Holdings,Alphabet,Q2 2026,2026-06-30,LIFE,Ethos Technologies,Reduced,23.6,-3.9,EDGAR 13F 自动生成，待人工复核,披露日: 2026-08-07
AI Core Holdings,Alphabet,Q2 2026,2026-06-30,RLAY,Relay Therapeutics,Reduced,10.8,-9.9,EDGAR 13F 自动生成，待人工复核,披露日: 2026-08-07
AI Core Holdings,Alphabet,Q2 2026,2026-06-30,GLUE,Monte Rosa Therapeutics,Reduced,-2.2,-45.6,EDGAR 13F 自动生成，待人工复核,披露日: 2026-08-07
AI Core Holdings,Alphabet,Q2 2026,2026-06-30,TNYA,Tenaya Therapeutics,Exited,-0.6,-100,EDGAR 13F 自动生成，待人工复核,披露日: 2026-08-07
Core Smart Money,Berkshire Hathaway,Q2 2026,2026-06-30,GOOGL,Alphabet A,Added,12557.5,45.2,EDGAR 13F 自动生成，待人工复核,披露日: 2026-08-14
Core Smart Money,Berkshire Hathaway,Q2 2026,2026-06-30,GOOG,Alphabet C,Added,8578.0,658.3,EDGAR 13F 自动生成，待人工复核,披露日: 2026-08-14
Core Smart Money,Berkshire Hathaway,Q2 2026,2026-06-30,DAL,"Delta Air Lines, Inc",Added,2722.1,44.0,EDGAR 13F 自动生成，待人工复核,披露日: 2026-08-14
Core Smart Money,Berkshire Hathaway,Q2 2026,2026-06-30,BAC,Bank of America,Reduced,2504.6,-5.9,EDGAR 13F 自动生成，待人工复核,披露日: 2026-08-14
Core Smart Money,Berkshire Hathaway,Q2 2026,2026-06-30,DVA,Davita Inc,Reduced,1799.1,-4.1,EDGAR 13F 自动生成，待人工复核,披露日: 2026-08-14
Core Smart Money,Berkshire Hathaway,Q2 2026,2026-06-30,KR,Kroger Co,Reduced,-1452.3,-22.0,EDGAR 13F 自动生成，待人工复核,披露日: 2026-08-14
Core Smart Money,Berkshire Hathaway,Q2 2026,2026-06-30,COF,Capital One Financial Corp,Reduced,-702.5,-58.0,EDGAR 13F 自动生成，待人工复核,披露日: 2026-08-14
Core Smart Money,Berkshire Hathaway,Q2 2026,2026-06-30,LEN,Lennar Corp,Added,309.4,29.8,EDGAR 13F 自动生成，待人工复核,披露日: 2026-08-14
Core Smart Money,Berkshire Hathaway,Q2 2026,2026-06-30,NUE,Nucor Corp,Reduced,-246.9,-52.5,EDGAR 13F 自动生成，待人工复核,披露日: 2026-08-14
Core Smart Money,Berkshire Hathaway,Q2 2026,2026-06-30,NYT,New York Times Co,Added,-169.5,3.7,EDGAR 13F 自动生成，待人工复核,披露日: 2026-08-14
Core Smart Money,Berkshire Hathaway,Q2 2026,2026-06-30,M,Macy's,Added,118.1,141.8,EDGAR 13F 自动生成，待人工复核,披露日: 2026-08-14
Core Smart Money,Berkshire Hathaway,Q2 2026,2026-06-30,ALLY,Ally Financial Inc,Reduced,103.0,-6.9,EDGAR 13F 自动生成，待人工复核,披露日: 2026-08-14
Core Smart Money,Berkshire Hathaway,Q2 2026,2026-06-30,STZ,"Constellation Brands, Inc",Exited,-94.9,-100,EDGAR 13F 自动生成，待人工复核,披露日: 2026-08-14
Core Smart Money,Berkshire Hathaway,Q2 2026,2026-06-30,LEN.B,Lennar B,Added,6.5,25.4,EDGAR 13F 自动生成，待人工复核,披露日: 2026-08-14
Core Smart Money,Berkshire Hathaway,Q2 2026,2026-06-30,DHI,D.R. Horton,New Position,0.6,,EDGAR 13F 自动生成，待人工复核,披露日: 2026-08-14
13F Hedge Funds,Bridgewater Associates,Q2 2026,2026-06-30,SPY,SPDR S&P 500 ETF Trust,Added,1134.4,21.9,EDGAR 13F 自动生成，待人工复核,披露日: 2026-08-14
13F Hedge Funds,Bridgewater Associates,Q2 2026,2026-06-30,IVV,iShares Core S&P 500 ETF,Added,498.4,12.1,EDGAR 13F 自动生成，待人工复核,披露日: 2026-08-14
13F Hedge Funds,Bridgewater Associates,Q2 2026,2026-06-30,AMZN,Amazon,Reduced,-431.3,-53.8,EDGAR 13F 自动生成，待人工复核,披露日: 2026-08-14
13F Hedge Funds,Bridgewater Associates,Q2 2026,2026-06-30,MU,Micron,Reduced,-363.9,-92.1,EDGAR 13F 自动生成，待人工复核,披露日: 2026-08-14
13F Hedge Funds,Bridgewater Associates,Q2 2026,2026-06-30,TSM,TSMC ADR,Reduced,-347.5,-96.8,EDGAR 13F 自动生成，待人工复核,披露日: 2026-08-14
13F Hedge Funds,Bridgewater Associates,Q2 2026,2026-06-30,GEV,GE Vernova,Reduced,-235.4,-71.8,EDGAR 13F 自动生成，待人工复核,披露日: 2026-08-14
13F Hedge Funds,Bridgewater Associates,Q2 2026,2026-06-30,VOO,Vanguard S&P 500 ETF,Added,220.0,189.0,EDGAR 13F 自动生成，待人工复核,披露日: 2026-08-14
13F Hedge Funds,Bridgewater Associates,Q2 2026,2026-06-30,MRVL,Marvell Technology,Reduced,-139.1,-90.7,EDGAR 13F 自动生成，待人工复核,披露日: 2026-08-14
13F Hedge Funds,Bridgewater Associates,Q2 2026,2026-06-30,MSFT,Microsoft,Reduced,-136.1,-34.4,EDGAR 13F 自动生成，待人工复核,披露日: 2026-08-14
13F Hedge Funds,Bridgewater Associates,Q2 2026,2026-06-30,ANET,"Arista Networks, Inc",Reduced,-120.1,-80.9,EDGAR 13F 自动生成，待人工复核,披露日: 2026-08-14
13F Hedge Funds,Bridgewater Associates,Q2 2026,2026-06-30,META,Meta Platforms,Reduced,-104.9,-62.3,EDGAR 13F 自动生成，待人工复核,披露日: 2026-08-14
13F Hedge Funds,Bridgewater Associates,Q2 2026,2026-06-30,GOOGL,Alphabet A,Reduced,-101.9,-33.8,EDGAR 13F 自动生成，待人工复核,披露日: 2026-08-14
13F Hedge Funds,Bridgewater Associates,Q2 2026,2026-06-30,PCG,PG&E Corp,Added,99.3,24078.9,EDGAR 13F 自动生成，待人工复核,披露日: 2026-08-14
13F Hedge Funds,Bridgewater Associates,Q2 2026,2026-06-30,SHEL,Shell,Added,89.3,388.9,EDGAR 13F 自动生成，待人工复核,披露日: 2026-08-14
13F Hedge Funds,Bridgewater Associates,Q2 2026,2026-06-30,ARM,ARM Holdings,Reduced,-88.0,-99.2,EDGAR 13F 自动生成，待人工复核,披露日: 2026-08-14
13F Hedge Funds,Bridgewater Associates,Q2 2026,2026-06-30,ES,Eversource Energy,New Position,86.4,,EDGAR 13F 自动生成，待人工复核,披露日: 2026-08-14
13F Hedge Funds,Bridgewater Associates,Q2 2026,2026-06-30,GOOG,Alphabet C,Reduced,-84.8,-80.8,EDGAR 13F 自动生成，待人工复核,披露日: 2026-08-14
13F Hedge Funds,Bridgewater Associates,Q2 2026,2026-06-30,VRT,Vertiv,Reduced,-83.9,-83.5,EDGAR 13F 自动生成，待人工复核,披露日: 2026-08-14
13F Hedge Funds,Bridgewater Associates,Q2 2026,2026-06-30,ALAB,Astera Labs,Reduced,-81.8,-99.9,EDGAR 13F 自动生成，待人工复核,披露日: 2026-08-14
13F Hedge Funds,Bridgewater Associates,Q2 2026,2026-06-30,EIX,Edison International,Added,81.6,777.1,EDGAR 13F 自动生成，待人工复核,披露日: 2026-08-14
13F Hedge Funds,Bridgewater Associates,Q2 2026,2026-06-30,PBR,Petrobras,Added,81.6,466.9,EDGAR 13F 自动生成，待人工复核,披露日: 2026-08-14
13F Hedge Funds,Bridgewater Associates,Q2 2026,2026-06-30,TSEM,Tower Semiconductor Ltd,Reduced,-79.1,-98.3,EDGAR 13F 自动生成，待人工复核,披露日: 2026-08-14
13F Hedge Funds,Bridgewater Associates,Q2 2026,2026-06-30,APP,AppLovin,New Position,75.5,,EDGAR 13F 自动生成，待人工复核,披露日: 2026-08-14
13F Hedge Funds,Bridgewater Associates,Q2 2026,2026-06-30,LRCX,Lam Research,Reduced,70.9,-40.3,EDGAR 13F 自动生成，待人工复核,披露日: 2026-08-14
13F Hedge Funds,Bridgewater Associates,Q2 2026,2026-06-30,AMKR,"Amkor Technology, Inc",Reduced,-70.6,-99.5,EDGAR 13F 自动生成，待人工复核,披露日: 2026-08-14
13F Hedge Funds,Bridgewater Associates,Q2 2026,2026-06-30,MPC,Marathon Petroleum Corp,Added,70.4,351.9,EDGAR 13F 自动生成，待人工复核,披露日: 2026-08-14
13F Hedge Funds,Bridgewater Associates,Q2 2026,2026-06-30,AVGO,Broadcom,Reduced,-70.2,-28.2,EDGAR 13F 自动生成，待人工复核,披露日: 2026-08-14
13F Hedge Funds,Bridgewater Associates,Q2 2026,2026-06-30,ED,Consolidated Edison Inc,New Position,69.0,,EDGAR 13F 自动生成，待人工复核,披露日: 2026-08-14
13F Hedge Funds,Bridgewater Associates,Q2 2026,2026-06-30,EOG,Eog Resources Inc,Added,68.2,4190.7,EDGAR 13F 自动生成，待人工复核,披露日: 2026-08-14
13F Hedge Funds,Bridgewater Associates,Q2 2026,2026-06-30,NI,Nisource Inc,New Position,67.0,,EDGAR 13F 自动生成，待人工复核,披露日: 2026-08-14
13F Hedge Funds,Bridgewater Associates,Q2 2026,2026-06-30,VST,Vistra Corp,Added,66.8,115.7,EDGAR 13F 自动生成，待人工复核,披露日: 2026-08-14
13F Hedge Funds,Bridgewater Associates,Q2 2026,2026-06-30,SNPS,Synopsys Inc,Reduced,-64.7,-80.7,EDGAR 13F 自动生成，待人工复核,披露日: 2026-08-14
13F Hedge Funds,Bridgewater Associates,Q2 2026,2026-06-30,STX,Seagate Technology,Reduced,63.9,-39.3,EDGAR 13F 自动生成，待人工复核,披露日: 2026-08-14
13F Hedge Funds,Bridgewater Associates,Q2 2026,2026-06-30,CSCO,Cisco Systems,Exited,-63.8,-100,EDGAR 13F 自动生成，待人工复核,披露日: 2026-08-14
13F Hedge Funds,Bridgewater Associates,Q2 2026,2026-06-30,ADI,Analog Devices Inc,Added,63.2,269.0,EDGAR 13F 自动生成，待人工复核,披露日: 2026-08-14
13F Hedge Funds,Bridgewater Associates,Q2 2026,2026-06-30,NOW,"ServiceNow, Inc",New Position,63.1,,EDGAR 13F 自动生成，待人工复核,披露日: 2026-08-14
13F Hedge Funds,Bridgewater Associates,Q2 2026,2026-06-30,ISHARES INC,Ishares Inc,Reduced,62.3,-21.6,EDGAR 13F 自动生成，待人工复核,披露日: 2026-08-14
13F Hedge Funds,Bridgewater Associates,Q2 2026,2026-06-30,KLAC,KLA Corporation,Added,-61.0,201.9,EDGAR 13F 自动生成，待人工复核,披露日: 2026-08-14
13F Hedge Funds,Bridgewater Associates,Q2 2026,2026-06-30,DUK,Duke Energy,New Position,56.0,,EDGAR 13F 自动生成，待人工复核,披露日: 2026-08-14
13F Hedge Funds,Bridgewater Associates,Q2 2026,2026-06-30,HAL,Halliburton Co,Added,52.9,5441.4,EDGAR 13F 自动生成，待人工复核,披露日: 2026-08-14
13F Hedge Funds,Citadel Advisors,Q2 2026,2026-06-30,MU,Micron,Added,28596.4,7.6,EDGAR 13F 自动生成，待人工复核,披露日: 2026-08-14
13F Hedge Funds,Citadel Advisors,Q2 2026,2026-06-30,QQQ,Invesco QQQ Trust,Added,18235.2,23.3,EDGAR 13F 自动生成，待人工复核,披露日: 2026-08-14
13F Hedge Funds,Citadel Advisors,Q2 2026,2026-06-30,SNDK,SanDisk,Added,18019.7,48.0,EDGAR 13F 自动生成，待人工复核,披露日: 2026-08-14
13F Hedge Funds,Citadel Advisors,Q2 2026,2026-06-30,SPY,SPDR S&P 500 ETF Trust,Added,17258.8,22.9,EDGAR 13F 自动生成，待人工复核,披露日: 2026-08-14
13F Hedge Funds,Citadel Advisors,Q2 2026,2026-06-30,AMD,AMD,Added,13737.9,21.4,EDGAR 13F 自动生成，待人工复核,披露日: 2026-08-14
13F Hedge Funds,Citadel Advisors,Q2 2026,2026-06-30,VANECK ETF TRUST,Vaneck Etf Trust,Added,13132.9,186.0,EDGAR 13F 自动生成，待人工复核,披露日: 2026-08-14
13F Hedge Funds,Citadel Advisors,Q2 2026,2026-06-30,IVV,iShares Core S&P 500 ETF,Added,10523.8,302.2,EDGAR 13F 自动生成，待人工复核,披露日: 2026-08-14
13F Hedge Funds,Citadel Advisors,Q2 2026,2026-06-30,GLD,Spdr Gold Trust,Reduced,-6921.5,-37.7,EDGAR 13F 自动生成，待人工复核,披露日: 2026-08-14
13F Hedge Funds,Citadel Advisors,Q2 2026,2026-06-30,INTC,Intel,Added,5891.9,8.1,EDGAR 13F 自动生成，待人工复核,披露日: 2026-08-14
13F Hedge Funds,Citadel Advisors,Q2 2026,2026-06-30,MSFT,Microsoft,Added,5517.6,45.2,EDGAR 13F 自动生成，待人工复核,披露日: 2026-08-14
13F Hedge Funds,Citadel Advisors,Q2 2026,2026-06-30,MRVL,Marvell Technology,Added,4513.2,97.3,EDGAR 13F 自动生成，待人工复核,披露日: 2026-08-14
13F Hedge Funds,Citadel Advisors,Q2 2026,2026-06-30,WDC,Western Digital,Added,4012.9,49.8,EDGAR 13F 自动生成，待人工复核,披露日: 2026-08-14
13F Hedge Funds,Citadel Advisors,Q2 2026,2026-06-30,STX,Seagate Technology,Added,3680.3,55.0,EDGAR 13F 自动生成，待人工复核,披露日: 2026-08-14
13F Hedge Funds,Citadel Advisors,Q2 2026,2026-06-30,ISHARES TR,Ishares Tr,Added,3533.1,14.4,EDGAR 13F 自动生成，待人工复核,披露日: 2026-08-14
13F Hedge Funds,Citadel Advisors,Q2 2026,2026-06-30,AAPL,Apple,Added,3333.3,8.5,EDGAR 13F 自动生成，待人工复核,披露日: 2026-08-14
13F Hedge Funds,Citadel Advisors,Q2 2026,2026-06-30,SPCX,SpaceX,New Position,3265.0,,EDGAR 13F 自动生成，待人工复核,披露日: 2026-08-14
13F Hedge Funds,Citadel Advisors,Q2 2026,2026-06-30,TSM,TSMC ADR,Added,3251.2,13.5,EDGAR 13F 自动生成，待人工复核,披露日: 2026-08-14
13F Hedge Funds,Citadel Advisors,Q2 2026,2026-06-30,AMAT,Applied Materials,Added,3240.7,53.4,EDGAR 13F 自动生成，待人工复核,披露日: 2026-08-14
13F Hedge Funds,Citadel Advisors,Q2 2026,2026-06-30,LLY,Eli Lilly,Added,2948.2,46.0,EDGAR 13F 自动生成，待人工复核,披露日: 2026-08-14
13F Hedge Funds,Citadel Advisors,Q2 2026,2026-06-30,SLV,iShares Silver Trust,Reduced,-2859.8,-40.8,EDGAR 13F 自动生成，待人工复核,披露日: 2026-08-14
13F Hedge Funds,Citadel Advisors,Q2 2026,2026-06-30,CAT,Caterpillar,Added,2794.0,33.1,EDGAR 13F 自动生成，待人工复核,披露日: 2026-08-14
13F Hedge Funds,Citadel Advisors,Q2 2026,2026-06-30,GOOGL,Alphabet A,Added,2604.2,1.1,EDGAR 13F 自动生成，待人工复核,披露日: 2026-08-14
13F Hedge Funds,Citadel Advisors,Q2 2026,2026-06-30,DIREXION SHARES ETF TRUS,Direxion Shares Etf Trust,Reduced,2589.5,-6.4,EDGAR 13F 自动生成，待人工复核,披露日: 2026-08-14
13F Hedge Funds,Citadel Advisors,Q2 2026,2026-06-30,LRCX,Lam Research,Added,2586.8,45.5,EDGAR 13F 自动生成，待人工复核,披露日: 2026-08-14
13F Hedge Funds,Citadel Advisors,Q2 2026,2026-06-30,NBIS,Nebius Group N.V,Added,2529.0,90.6,EDGAR 13F 自动生成，待人工复核,披露日: 2026-08-14
13F Hedge Funds,Citadel Advisors,Q2 2026,2026-06-30,DELL,Dell Technologies,Added,2484.6,4.7,EDGAR 13F 自动生成，待人工复核,披露日: 2026-08-14
13F Hedge Funds,Citadel Advisors,Q2 2026,2026-06-30,CRWD,CrowdStrike,Added,2403.7,15.8,EDGAR 13F 自动生成，待人工复核,披露日: 2026-08-14
13F Hedge Funds,Citadel Advisors,Q2 2026,2026-06-30,GOOG,Alphabet C,Added,2401.5,15.6,EDGAR 13F 自动生成，待人工复核,披露日: 2026-08-14
13F Hedge Funds,Citadel Advisors,Q2 2026,2026-06-30,KLAC,KLA Corporation,Added,2300.8,2646.3,EDGAR 13F 自动生成，待人工复核,披露日: 2026-08-14
13F Hedge Funds,Citadel Advisors,Q2 2026,2026-06-30,ISHARES INC,Ishares Inc,Added,2210.6,168.8,EDGAR 13F 自动生成，待人工复核,披露日: 2026-08-14
13F Hedge Funds,Citadel Advisors,Q2 2026,2026-06-30,ARM,ARM Holdings,Added,2143.7,35.2,EDGAR 13F 自动生成，待人工复核,披露日: 2026-08-14
13F Hedge Funds,Citadel Advisors,Q2 2026,2026-06-30,BE,Bloom Energy Corp,Added,2001.7,34.0,EDGAR 13F 自动生成，待人工复核,披露日: 2026-08-14
13F Hedge Funds,Citadel Advisors,Q2 2026,2026-06-30,PANW,Palo Alto Networks,Added,1759.6,20.6,EDGAR 13F 自动生成，待人工复核,披露日: 2026-08-14
13F Hedge Funds,Citadel Advisors,Q2 2026,2026-06-30,ASML,ASML Holding,Added,1752.2,0.8,EDGAR 13F 自动生成，待人工复核,披露日: 2026-08-14
13F Hedge Funds,Citadel Advisors,Q2 2026,2026-06-30,PLTR,Palantir,Reduced,-1745.0,-16.7,EDGAR 13F 自动生成，待人工复核,披露日: 2026-08-14
13F Hedge Funds,Citadel Advisors,Q2 2026,2026-06-30,ROUNDHILL ETF TRUST,Roundhill Etf Trust,New Position,1736.4,,EDGAR 13F 自动生成，待人工复核,披露日: 2026-08-14
13F Hedge Funds,Citadel Advisors,Q2 2026,2026-06-30,NFLX,Netflix,Added,-1640.9,1.6,EDGAR 13F 自动生成，待人工复核,披露日: 2026-08-14
13F Hedge Funds,Citadel Advisors,Q2 2026,2026-06-30,ALAB,Astera Labs,Added,1628.9,68.8,EDGAR 13F 自动生成，待人工复核,披露日: 2026-08-14
13F Hedge Funds,Citadel Advisors,Q2 2026,2026-06-30,AMZN,Amazon,Reduced,1506.8,-0.4,EDGAR 13F 自动生成，待人工复核,披露日: 2026-08-14
13F Hedge Funds,Citadel Advisors,Q2 2026,2026-06-30,ISHARES TR,Ishares Tr,Added,1471.8,291.5,EDGAR 13F 自动生成，待人工复核,披露日: 2026-08-14
13F Hedge Funds,DE Shaw,Q2 2026,2026-06-30,SPY,SPDR S&P 500 ETF Trust,Added,9405.7,752.5,EDGAR 13F 自动生成，待人工复核,披露日: 2026-08-14
13F Hedge Funds,DE Shaw,Q2 2026,2026-06-30,AMD,AMD,Reduced,1949.1,-19.0,EDGAR 13F 自动生成，待人工复核,披露日: 2026-08-14
13F Hedge Funds,DE Shaw,Q2 2026,2026-06-30,QQQ,Invesco QQQ Trust,Added,1925.1,326.9,EDGAR 13F 自动生成，待人工复核,披露日: 2026-08-14
13F Hedge Funds,DE Shaw,Q2 2026,2026-06-30,AMZN,Amazon,Added,1675.5,74.8,EDGAR 13F 自动生成，待人工复核,披露日: 2026-08-14
13F Hedge Funds,DE Shaw,Q2 2026,2026-06-30,NVDA,Nvidia,Added,1442.0,19.9,EDGAR 13F 自动生成，待人工复核,披露日: 2026-08-14
13F Hedge Funds,DE Shaw,Q2 2026,2026-06-30,MU,Micron,Reduced,1112.6,-54.2,EDGAR 13F 自动生成，待人工复核,披露日: 2026-08-14
13F Hedge Funds,DE Shaw,Q2 2026,2026-06-30,BE,Bloom Energy Corp,Added,1107.1,0.1,EDGAR 13F 自动生成，待人工复核,披露日: 2026-08-14
13F Hedge Funds,DE Shaw,Q2 2026,2026-06-30,WESTERN DIGITAL CORP,Western Digital Corp,Exited,-1092.8,-100,EDGAR 13F 自动生成，待人工复核,披露日: 2026-08-14
13F Hedge Funds,DE Shaw,Q2 2026,2026-06-30,STX,Seagate Technology,Added,1091.3,3.1,EDGAR 13F 自动生成，待人工复核,披露日: 2026-08-14
13F Hedge Funds,DE Shaw,Q2 2026,2026-06-30,TSM,TSMC ADR,Reduced,-1047.9,-80.8,EDGAR 13F 自动生成，待人工复核,披露日: 2026-08-14
13F Hedge Funds,DE Shaw,Q2 2026,2026-06-30,AVGO,Broadcom,Reduced,-1031.9,-52.9,EDGAR 13F 自动生成，待人工复核,披露日: 2026-08-14
13F Hedge Funds,DE Shaw,Q2 2026,2026-06-30,CRWD,CrowdStrike,Added,1007.3,6.5,EDGAR 13F 自动生成，待人工复核,披露日: 2026-08-14
13F Hedge Funds,DE Shaw,Q2 2026,2026-06-30,MRVL,Marvell Technology,Added,981.1,83.2,EDGAR 13F 自动生成，待人工复核,披露日: 2026-08-14
13F Hedge Funds,DE Shaw,Q2 2026,2026-06-30,GOOG,Alphabet C,Added,945.5,19.5,EDGAR 13F 自动生成，待人工复核,披露日: 2026-08-14
13F Hedge Funds,DE Shaw,Q2 2026,2026-06-30,SPCX,SpaceX,New Position,912.4,,EDGAR 13F 自动生成，待人工复核,披露日: 2026-08-14
13F Hedge Funds,DE Shaw,Q2 2026,2026-06-30,MSFT,Microsoft,Reduced,-910.4,-30.8,EDGAR 13F 自动生成，待人工复核,披露日: 2026-08-14
13F Hedge Funds,DE Shaw,Q2 2026,2026-06-30,GOOGL,Alphabet A,Added,882.3,6.8,EDGAR 13F 自动生成，待人工复核,披露日: 2026-08-14
13F Hedge Funds,DE Shaw,Q2 2026,2026-06-30,LITE,Lumentum Holdings Inc,Added,868.2,57.0,EDGAR 13F 自动生成，待人工复核,披露日: 2026-08-14
13F Hedge Funds,DE Shaw,Q2 2026,2026-06-30,BRK.B,Berkshire B,Added,835.4,219.6,EDGAR 13F 自动生成，待人工复核,披露日: 2026-08-14
13F Hedge Funds,DE Shaw,Q2 2026,2026-06-30,INTC,Intel,Reduced,831.0,-41.0,EDGAR 13F 自动生成，待人工复核,披露日: 2026-08-14
13F Hedge Funds,DE Shaw,Q2 2026,2026-06-30,META,Meta Platforms,Added,806.5,43.5,EDGAR 13F 自动生成，待人工复核,披露日: 2026-08-14
13F Hedge Funds,DE Shaw,Q2 2026,2026-06-30,WDC,Western Digital,Reduced,768.8,-27.0,EDGAR 13F 自动生成，待人工复核,披露日: 2026-08-14
13F Hedge Funds,DE Shaw,Q2 2026,2026-06-30,LITE,Lumentum Holdings Inc,Reduced,-736.2,-93.0,EDGAR 13F 自动生成，待人工复核,披露日: 2026-08-14
13F Hedge Funds,DE Shaw,Q2 2026,2026-06-30,COHR,Coherent Corp,Added,678.5,1364.4,EDGAR 13F 自动生成，待人工复核,披露日: 2026-08-14
13F Hedge Funds,DE Shaw,Q2 2026,2026-06-30,DELL,Dell Technologies,Added,675.1,60.2,EDGAR 13F 自动生成，待人工复核,披露日: 2026-08-14
13F Hedge Funds,DE Shaw,Q2 2026,2026-06-30,WBD,"Warner Bros. Discovery, Inc",Added,669.6,167.6,EDGAR 13F 自动生成，待人工复核,披露日: 2026-08-14
13F Hedge Funds,DE Shaw,Q2 2026,2026-06-30,WFC,Wells Fargo,Added,665.6,301.6,EDGAR 13F 自动生成，待人工复核,披露日: 2026-08-14
13F Hedge Funds,DE Shaw,Q2 2026,2026-06-30,SNDK,SanDisk,Reduced,624.7,-57.8,EDGAR 13F 自动生成，待人工复核,披露日: 2026-08-14
13F Hedge Funds,DE Shaw,Q2 2026,2026-06-30,INTU,Intuit,Added,585.4,2085.9,EDGAR 13F 自动生成，待人工复核,披露日: 2026-08-14
13F Hedge Funds,DE Shaw,Q2 2026,2026-06-30,JPM,JPMorgan,Reduced,-577.9,-48.9,EDGAR 13F 自动生成，待人工复核,披露日: 2026-08-14
13F Hedge Funds,DE Shaw,Q2 2026,2026-06-30,TXN,Texas Instruments,Reduced,-557.4,-75.7,EDGAR 13F 自动生成，待人工复核,披露日: 2026-08-14
13F Hedge Funds,DE Shaw,Q2 2026,2026-06-30,TGT,Target,Reduced,-538.3,-49.1,EDGAR 13F 自动生成，待人工复核,披露日: 2026-08-14
13F Hedge Funds,DE Shaw,Q2 2026,2026-06-30,COF,Capital One Financial Corp,Added,522.3,96.6,EDGAR 13F 自动生成，待人工复核,披露日: 2026-08-14
13F Hedge Funds,DE Shaw,Q2 2026,2026-06-30,MA,Mastercard,Added,518.7,86.2,EDGAR 13F 自动生成，待人工复核,披露日: 2026-08-14
13F Hedge Funds,DE Shaw,Q2 2026,2026-06-30,ROST,"Ross Stores, Inc",Reduced,-507.7,-65.0,EDGAR 13F 自动生成，待人工复核,披露日: 2026-08-14
13F Hedge Funds,DE Shaw,Q2 2026,2026-06-30,FTNT,"Fortinet, Inc",Added,505.9,65.7,EDGAR 13F 自动生成，待人工复核,披露日: 2026-08-14
13F Hedge Funds,DE Shaw,Q2 2026,2026-06-30,SAP,Sap Se,Reduced,-501.1,-65.2,EDGAR 13F 自动生成，待人工复核,披露日: 2026-08-14
13F Hedge Funds,DE Shaw,Q2 2026,2026-06-30,ASML,ASML Holding,Reduced,-498.6,-79.1,EDGAR 13F 自动生成，待人工复核,披露日: 2026-08-14
13F Hedge Funds,DE Shaw,Q2 2026,2026-06-30,ALPHABET INC,Alphabet Inc,New Position,498.0,,EDGAR 13F 自动生成，待人工复核,披露日: 2026-08-14
13F Hedge Funds,DE Shaw,Q2 2026,2026-06-30,ALPHABET INC,Alphabet Inc,New Position,494.0,,EDGAR 13F 自动生成，待人工复核,披露日: 2026-08-14
13F Hedge Funds,Millennium Management,Q2 2026,2026-06-30,SPY,SPDR S&P 500 ETF Trust,Added,7184.1,182.3,EDGAR 13F 自动生成，待人工复核,披露日: 2026-08-14
13F Hedge Funds,Millennium Management,Q2 2026,2026-06-30,MU,Micron,Reduced,3394.5,-8.9,EDGAR 13F 自动生成，待人工复核,披露日: 2026-08-14
13F Hedge Funds,Millennium Management,Q2 2026,2026-06-30,SPCX,SpaceX,New Position,3195.5,,EDGAR 13F 自动生成，待人工复核,披露日: 2026-08-14
13F Hedge Funds,Millennium Management,Q2 2026,2026-06-30,CRH,Crh,Reduced,-2781.5,-40.9,EDGAR 13F 自动生成，待人工复核,披露日: 2026-08-14
13F Hedge Funds,Millennium Management,Q2 2026,2026-06-30,AMD,AMD,Reduced,2675.9,-9.2,EDGAR 13F 自动生成，待人工复核,披露日: 2026-08-14
13F Hedge Funds,Millennium Management,Q2 2026,2026-06-30,IVV,iShares Core S&P 500 ETF,Added,2379.4,11.7,EDGAR 13F 自动生成，待人工复核,披露日: 2026-08-14
13F Hedge Funds,Millennium Management,Q2 2026,2026-06-30,NVDA,Nvidia,Added,1786.0,8.6,EDGAR 13F 自动生成，待人工复核,披露日: 2026-08-14
13F Hedge Funds,Millennium Management,Q2 2026,2026-06-30,SPDR  SERIES  TRUST,Spdr  Series  Trust,Exited,-1650.7,-100,EDGAR 13F 自动生成，待人工复核,披露日: 2026-08-14
13F Hedge Funds,Millennium Management,Q2 2026,2026-06-30,QQQ,Invesco QQQ Trust,Reduced,1544.4,-1.9,EDGAR 13F 自动生成，待人工复核,披露日: 2026-08-14
13F Hedge Funds,Millennium Management,Q2 2026,2026-06-30,VANECK  ETF  TRUST,Vaneck  Etf  Trust,Added,1422.1,68.7,EDGAR 13F 自动生成，待人工复核,披露日: 2026-08-14
13F Hedge Funds,Millennium Management,Q2 2026,2026-06-30,ISHARES  TR,Ishares  Tr,Reduced,1405.7,-8.6,EDGAR 13F 自动生成，待人工复核,披露日: 2026-08-14
13F Hedge Funds,Millennium Management,Q2 2026,2026-06-30,XOM,Exxon Mobil,Reduced,-1335.6,-84.0,EDGAR 13F 自动生成，待人工复核,披露日: 2026-08-14
13F Hedge Funds,Millennium Management,Q2 2026,2026-06-30,INTC,Intel,Reduced,1183.2,-3.5,EDGAR 13F 自动生成，待人工复核,披露日: 2026-08-14
13F Hedge Funds,Millennium Management,Q2 2026,2026-06-30,SELECT  SECTOR  SPDR  TR,Select  Sector  Spdr  Tr,Reduced,-991.5,-44.9,EDGAR 13F 自动生成，待人工复核,披露日: 2026-08-14
13F Hedge Funds,Millennium Management,Q2 2026,2026-06-30,ISHARES  TR,Ishares  Tr,Added,926.5,282.8,EDGAR 13F 自动生成，待人工复核,披露日: 2026-08-14
13F Hedge Funds,Millennium Management,Q2 2026,2026-06-30,LITE,Lumentum Holdings Inc,Exited,-841.9,-100,EDGAR 13F 自动生成，待人工复核,披露日: 2026-08-14
13F Hedge Funds,Millennium Management,Q2 2026,2026-06-30,STX,Seagate Technology,Added,792.9,64.3,EDGAR 13F 自动生成，待人工复核,披露日: 2026-08-14
13F Hedge Funds,Millennium Management,Q2 2026,2026-06-30,BE,Bloom Energy Corp,Added,758.5,486.3,EDGAR 13F 自动生成，待人工复核,披露日: 2026-08-14
13F Hedge Funds,Millennium Management,Q2 2026,2026-06-30,DIA,SPDR Dow Jones Industrial Average ETF,Added,758.5,134.4,EDGAR 13F 自动生成，待人工复核,披露日: 2026-08-14
13F Hedge Funds,Millennium Management,Q2 2026,2026-06-30,NBIS,Nebius Group N.V,Added,729.6,322.5,EDGAR 13F 自动生成，待人工复核,披露日: 2026-08-14
13F Hedge Funds,Millennium Management,Q2 2026,2026-06-30,VOO,Vanguard S&P 500 ETF,Added,653.4,80.6,EDGAR 13F 自动生成，待人工复核,披露日: 2026-08-14
13F Hedge Funds,Millennium Management,Q2 2026,2026-06-30,AMZN,Amazon,Added,647.6,2.3,EDGAR 13F 自动生成，待人工复核,披露日: 2026-08-14
13F Hedge Funds,Millennium Management,Q2 2026,2026-06-30,PANW,Palo Alto Networks,Added,613.9,16.0,EDGAR 13F 自动生成，待人工复核,披露日: 2026-08-14
13F Hedge Funds,Millennium Management,Q2 2026,2026-06-30,BAC,Bank of America,Reduced,-568.6,-63.4,EDGAR 13F 自动生成，待人工复核,披露日: 2026-08-14
13F Hedge Funds,Millennium Management,Q2 2026,2026-06-30,AMAT,Applied Materials,Reduced,528.9,-19.5,EDGAR 13F 自动生成，待人工复核,披露日: 2026-08-14
13F Hedge Funds,Millennium Management,Q2 2026,2026-06-30,TSLA,Tesla,Reduced,-528.1,-26.9,EDGAR 13F 自动生成，待人工复核,披露日: 2026-08-14
13F Hedge Funds,Millennium Management,Q2 2026,2026-06-30,MS,Morgan Stanley,Reduced,-513.9,-74.1,EDGAR 13F 自动生成，待人工复核,披露日: 2026-08-14
13F Hedge Funds,Millennium Management,Q2 2026,2026-06-30,META,Meta Platforms,Reduced,-510.6,-11.2,EDGAR 13F 自动生成，待人工复核,披露日: 2026-08-14
13F Hedge Funds,Millennium Management,Q2 2026,2026-06-30,CRDO,Credo Technology,Added,498.6,176.8,EDGAR 13F 自动生成，待人工复核,披露日: 2026-08-14
13F Hedge Funds,Millennium Management,Q2 2026,2026-06-30,WESTERN   DIGITAL      C,Western   Digital      Corp,Reduced,-492.1,-71.8,EDGAR 13F 自动生成，待人工复核,披露日: 2026-08-14
13F Hedge Funds,Millennium Management,Q2 2026,2026-06-30,LRCX,Lam Research,Reduced,485.7,-15.2,EDGAR 13F 自动生成，待人工复核,披露日: 2026-08-14
13F Hedge Funds,Millennium Management,Q2 2026,2026-06-30,AAPL,Apple,Reduced,-466.2,-21.0,EDGAR 13F 自动生成，待人工复核,披露日: 2026-08-14
13F Hedge Funds,Millennium Management,Q2 2026,2026-06-30,C,Citigroup Inc,Reduced,-464.8,-59.9,EDGAR 13F 自动生成，待人工复核,披露日: 2026-08-14
13F Hedge Funds,Millennium Management,Q2 2026,2026-06-30,SNDK,SanDisk,Reduced,463.4,-57.5,EDGAR 13F 自动生成，待人工复核,披露日: 2026-08-14
13F Hedge Funds,Millennium Management,Q2 2026,2026-06-30,CTRA,Coterra Energy,Exited,-447.4,-100,EDGAR 13F 自动生成，待人工复核,披露日: 2026-08-14
13F Hedge Funds,Millennium Management,Q2 2026,2026-06-30,WDC,Western Digital,Added,434.7,35.1,EDGAR 13F 自动生成，待人工复核,披露日: 2026-08-14
13F Hedge Funds,Millennium Management,Q2 2026,2026-06-30,HOLX,Hologic,Exited,-427.6,-100,EDGAR 13F 自动生成，待人工复核,披露日: 2026-08-14
13F Hedge Funds,Millennium Management,Q2 2026,2026-06-30,SNOW,Snowflake Inc,Added,425.4,185.4,EDGAR 13F 自动生成，待人工复核,披露日: 2026-08-14
13F Hedge Funds,Millennium Management,Q2 2026,2026-06-30,CAT,Caterpillar,Added,417.2,32.9,EDGAR 13F 自动生成，待人工复核,披露日: 2026-08-14
13F Hedge Funds,Millennium Management,Q2 2026,2026-06-30,DHR,Danaher,Added,398.9,532.3,EDGAR 13F 自动生成，待人工复核,披露日: 2026-08-14
13F Hedge Funds,Two Sigma Investments,Q2 2026,2026-06-30,WESTERN DIGITAL CORP,Western Digital Corp,Reduced,859.2,-0.3,EDGAR 13F 自动生成，待人工复核,披露日: 2026-08-14
13F Hedge Funds,Two Sigma Investments,Q2 2026,2026-06-30,NVDA,Nvidia,Reduced,-721.1,-42.7,EDGAR 13F 自动生成，待人工复核,披露日: 2026-08-14
13F Hedge Funds,Two Sigma Investments,Q2 2026,2026-06-30,AMD,AMD,Added,683.6,20.1,EDGAR 13F 自动生成，待人工复核,披露日: 2026-08-14
13F Hedge Funds,Two Sigma Investments,Q2 2026,2026-06-30,INTU,Intuit,Added,566.4,27193.8,EDGAR 13F 自动生成，待人工复核,披露日: 2026-08-14
13F Hedge Funds,Two Sigma Investments,Q2 2026,2026-06-30,ADBE,Adobe,Reduced,-539.1,-65.0,EDGAR 13F 自动生成，待人工复核,披露日: 2026-08-14
13F Hedge Funds,Two Sigma Investments,Q2 2026,2026-06-30,PLTR,Palantir,Reduced,-511.3,-39.0,EDGAR 13F 自动生成，待人工复核,披露日: 2026-08-14
13F Hedge Funds,Two Sigma Investments,Q2 2026,2026-06-30,GOOGL,Alphabet A,Reduced,-505.3,-48.9,EDGAR 13F 自动生成，待人工复核,披露日: 2026-08-14
13F Hedge Funds,Two Sigma Investments,Q2 2026,2026-06-30,AVGO,Broadcom,Reduced,-488.4,-73.7,EDGAR 13F 自动生成，待人工复核,披露日: 2026-08-14
13F Hedge Funds,Two Sigma Investments,Q2 2026,2026-06-30,WFC,Wells Fargo,Added,482.4,332.1,EDGAR 13F 自动生成，待人工复核,披露日: 2026-08-14
13F Hedge Funds,Two Sigma Investments,Q2 2026,2026-06-30,NOW,"ServiceNow, Inc",Reduced,-471.0,-95.5,EDGAR 13F 自动生成，待人工复核,披露日: 2026-08-14
13F Hedge Funds,Two Sigma Investments,Q2 2026,2026-06-30,GS,Goldman Sachs,Added,467.1,95.6,EDGAR 13F 自动生成，待人工复核,披露日: 2026-08-14
13F Hedge Funds,Two Sigma Investments,Q2 2026,2026-06-30,ASML,ASML Holding,Added,463.4,26.1,EDGAR 13F 自动生成，待人工复核,披露日: 2026-08-14
13F Hedge Funds,Two Sigma Investments,Q2 2026,2026-06-30,HSY,Hershey Co,Reduced,-402.6,-97.4,EDGAR 13F 自动生成，待人工复核,披露日: 2026-08-14
13F Hedge Funds,Two Sigma Investments,Q2 2026,2026-06-30,HON,Honeywell International,Exited,-392.9,-100,EDGAR 13F 自动生成，待人工复核,披露日: 2026-08-14
13F Hedge Funds,Two Sigma Investments,Q2 2026,2026-06-30,AMGN,Amgen Inc,Added,378.3,1183.4,EDGAR 13F 自动生成，待人工复核,披露日: 2026-08-14
13F Hedge Funds,Two Sigma Investments,Q2 2026,2026-06-30,TXN,Texas Instruments,Added,371.2,509.2,EDGAR 13F 自动生成，待人工复核,披露日: 2026-08-14
13F Hedge Funds,Two Sigma Investments,Q2 2026,2026-06-30,BRK.B,Berkshire B,Added,370.5,39.6,EDGAR 13F 自动生成，待人工复核,披露日: 2026-08-14
13F Hedge Funds,Two Sigma Investments,Q2 2026,2026-06-30,CMG,Chipotle Mexican Grill Inc,Added,365.9,123.4,EDGAR 13F 自动生成，待人工复核,披露日: 2026-08-14
13F Hedge Funds,Two Sigma Investments,Q2 2026,2026-06-30,UNH,UnitedHealth,Reduced,-357.2,-84.9,EDGAR 13F 自动生成，待人工复核,披露日: 2026-08-14
13F Hedge Funds,Two Sigma Investments,Q2 2026,2026-06-30,C,Citigroup Inc,Added,352.6,37.6,EDGAR 13F 自动生成，待人工复核,披露日: 2026-08-14
13F Hedge Funds,Two Sigma Investments,Q2 2026,2026-06-30,APLD,Applied Digital Corp,Added,346.3,546.7,EDGAR 13F 自动生成，待人工复核,披露日: 2026-08-14
13F Hedge Funds,Two Sigma Investments,Q2 2026,2026-06-30,LNG,"Cheniere Energy, Inc",Reduced,-345.4,-85.4,EDGAR 13F 自动生成，待人工复核,披露日: 2026-08-14
13F Hedge Funds,Two Sigma Investments,Q2 2026,2026-06-30,AAL,American Airlines Group Inc,Added,343.5,93.5,EDGAR 13F 自动生成，待人工复核,披露日: 2026-08-14
13F Hedge Funds,Two Sigma Investments,Q2 2026,2026-06-30,CI,Cigna Group,Added,330.4,183.7,EDGAR 13F 自动生成，待人工复核,披露日: 2026-08-14
13F Hedge Funds,Two Sigma Investments,Q2 2026,2026-06-30,SPY,SPDR S&P 500 ETF Trust,Added,326.1,40.5,EDGAR 13F 自动生成，待人工复核,披露日: 2026-08-14
13F Hedge Funds,Two Sigma Investments,Q2 2026,2026-06-30,CRWV,"CoreWeave, Inc",Added,323.0,468.7,EDGAR 13F 自动生成，待人工复核,披露日: 2026-08-14
13F Hedge Funds,Two Sigma Investments,Q2 2026,2026-06-30,SELECT SECTOR SPDR TR,Select Sector Spdr Tr,New Position,309.1,,EDGAR 13F 自动生成，待人工复核,披露日: 2026-08-14
13F Hedge Funds,Two Sigma Investments,Q2 2026,2026-06-30,STX,Seagate Technology,Added,307.0,157.4,EDGAR 13F 自动生成，待人工复核,披露日: 2026-08-14
13F Hedge Funds,Two Sigma Investments,Q2 2026,2026-06-30,SPCX,SpaceX,New Position,303.3,,EDGAR 13F 自动生成，待人工复核,披露日: 2026-08-14
13F Hedge Funds,Two Sigma Investments,Q2 2026,2026-06-30,DOW,Dow Inc,Added,303.0,294.8,EDGAR 13F 自动生成，待人工复核,披露日: 2026-08-14
13F Hedge Funds,Two Sigma Investments,Q2 2026,2026-06-30,VANGUARD INDEX FDS,Vanguard Index Fds,Reduced,-297.7,-92.3,EDGAR 13F 自动生成，待人工复核,披露日: 2026-08-14
13F Hedge Funds,Two Sigma Investments,Q2 2026,2026-06-30,MELI,Mercadolibre Inc,Added,296.5,503.6,EDGAR 13F 自动生成，待人工复核,披露日: 2026-08-14
13F Hedge Funds,Two Sigma Investments,Q2 2026,2026-06-30,VANGUARD INDEX FDS,Vanguard Index Fds,Added,-283.5,31.3,EDGAR 13F 自动生成，待人工复核,披露日: 2026-08-14
13F Hedge Funds,Two Sigma Investments,Q2 2026,2026-06-30,BLK,"BlackRock, Inc",Added,283.4,152.7,EDGAR 13F 自动生成，待人工复核,披露日: 2026-08-14
13F Hedge Funds,Two Sigma Investments,Q2 2026,2026-06-30,DOCN,"DigitalOcean Holdings, Inc",Added,283.4,749.5,EDGAR 13F 自动生成，待人工复核,披露日: 2026-08-14
13F Hedge Funds,Two Sigma Investments,Q2 2026,2026-06-30,KMB,Kimberly Clark Corp,Added,279.6,36.9,EDGAR 13F 自动生成，待人工复核,披露日: 2026-08-14
13F Hedge Funds,Two Sigma Investments,Q2 2026,2026-06-30,ANET,"Arista Networks, Inc",Reduced,-278.1,-69.2,EDGAR 13F 自动生成，待人工复核,披露日: 2026-08-14
13F Hedge Funds,Two Sigma Investments,Q2 2026,2026-06-30,SCHW,Charles Schwab,Added,275.8,57.1,EDGAR 13F 自动生成，待人工复核,披露日: 2026-08-14
13F Hedge Funds,Two Sigma Investments,Q2 2026,2026-06-30,AAPL,Apple,Reduced,-269.4,-27.6,EDGAR 13F 自动生成，待人工复核,披露日: 2026-08-14
13F Hedge Funds,Two Sigma Investments,Q2 2026,2026-06-30,VTR,"Ventas, Inc",Reduced,-269.2,-83.6,EDGAR 13F 自动生成，待人工复核,披露日: 2026-08-14
13F Hedge Funds,Point72 Asset Management,Q2 2026,2026-06-30,NVDA,Nvidia,Reduced,-1214.5,-83.3,EDGAR 13F 自动生成，待人工复核,披露日: 2026-08-14
13F Hedge Funds,Point72 Asset Management,Q2 2026,2026-06-30,CRDO,Credo Technology,Reduced,985.8,-20.2,EDGAR 13F 自动生成，待人工复核,披露日: 2026-08-14
13F Hedge Funds,Point72 Asset Management,Q2 2026,2026-06-30,SNOW,Snowflake Inc,Added,731.6,451.1,EDGAR 13F 自动生成，待人工复核,披露日: 2026-08-14
13F Hedge Funds,Point72 Asset Management,Q2 2026,2026-06-30,MU,Micron,Reduced,629.6,-20.6,EDGAR 13F 自动生成，待人工复核,披露日: 2026-08-14
13F Hedge Funds,Point72 Asset Management,Q2 2026,2026-06-30,QQQ,Invesco QQQ Trust,Reduced,-621.3,-78.0,EDGAR 13F 自动生成，待人工复核,披露日: 2026-08-14
13F Hedge Funds,Point72 Asset Management,Q2 2026,2026-06-30,AMD,AMD,Reduced,610.1,-10.3,EDGAR 13F 自动生成，待人工复核,披露日: 2026-08-14
13F Hedge Funds,Point72 Asset Management,Q2 2026,2026-06-30,SPY,SPDR S&P 500 ETF Trust,Added,608.1,19.7,EDGAR 13F 自动生成，待人工复核,披露日: 2026-08-14
13F Hedge Funds,Point72 Asset Management,Q2 2026,2026-06-30,STX,Seagate Technology,Added,583.1,27.8,EDGAR 13F 自动生成，待人工复核,披露日: 2026-08-14
13F Hedge Funds,Point72 Asset Management,Q2 2026,2026-06-30,PG,PROCTER & GAMBLE Co,Added,557.9,133.7,EDGAR 13F 自动生成，待人工复核,披露日: 2026-08-14
13F Hedge Funds,Point72 Asset Management,Q2 2026,2026-06-30,MKSI,Mks Inc,Added,519.9,24.2,EDGAR 13F 自动生成，待人工复核,披露日: 2026-08-14
13F Hedge Funds,Point72 Asset Management,Q2 2026,2026-06-30,TER,"Teradyne, Inc",Reduced,-450.2,-79.5,EDGAR 13F 自动生成，待人工复核,披露日: 2026-08-14
13F Hedge Funds,Point72 Asset Management,Q2 2026,2026-06-30,KDP,Keurig Dr Pepper Inc,Added,436.4,1301.1,EDGAR 13F 自动生成，待人工复核,披露日: 2026-08-14
13F Hedge Funds,Point72 Asset Management,Q2 2026,2026-06-30,TXN,Texas Instruments,Added,422.2,1569.4,EDGAR 13F 自动生成，待人工复核,披露日: 2026-08-14
13F Hedge Funds,Point72 Asset Management,Q2 2026,2026-06-30,JNJ,Johnson & Johnson,Added,408.6,276.6,EDGAR 13F 自动生成，待人工复核,披露日: 2026-08-14
13F Hedge Funds,Point72 Asset Management,Q2 2026,2026-06-30,ASML,ASML Holding,Added,407.8,0.8,EDGAR 13F 自动生成，待人工复核,披露日: 2026-08-14
13F Hedge Funds,Point72 Asset Management,Q2 2026,2026-06-30,ORCL,Oracle,Added,381.7,126.2,EDGAR 13F 自动生成，待人工复核,披露日: 2026-08-14
13F Hedge Funds,Point72 Asset Management,Q2 2026,2026-06-30,INTC,Intel,Reduced,334.3,-18.6,EDGAR 13F 自动生成，待人工复核,披露日: 2026-08-14
13F Hedge Funds,Point72 Asset Management,Q2 2026,2026-06-30,BSX,Boston Scientific Corp,Reduced,-328.4,-85.0,EDGAR 13F 自动生成，待人工复核,披露日: 2026-08-14
13F Hedge Funds,Point72 Asset Management,Q2 2026,2026-06-30,ISRG,Intuitive Surgical Inc,Reduced,-305.7,-67.8,EDGAR 13F 自动生成，待人工复核,披露日: 2026-08-14
13F Hedge Funds,Point72 Asset Management,Q2 2026,2026-06-30,ISHARES TR,Ishares Tr,Added,300.0,63.3,EDGAR 13F 自动生成，待人工复核,披露日: 2026-08-14
13F Hedge Funds,Point72 Asset Management,Q2 2026,2026-06-30,CPNG,"Coupang, Inc",Added,273.4,195.9,EDGAR 13F 自动生成，待人工复核,披露日: 2026-08-14
13F Hedge Funds,Point72 Asset Management,Q2 2026,2026-06-30,CCL,Carnival Corp Ltd,New Position,269.9,,EDGAR 13F 自动生成，待人工复核,披露日: 2026-08-14
13F Hedge Funds,Point72 Asset Management,Q2 2026,2026-06-30,RTX,RTX Corp,Added,268.0,69.9,EDGAR 13F 自动生成，待人工复核,披露日: 2026-08-14
13F Hedge Funds,Point72 Asset Management,Q2 2026,2026-06-30,UNH,UnitedHealth,Added,255.9,45.1,EDGAR 13F 自动生成，待人工复核,披露日: 2026-08-14
13F Hedge Funds,Point72 Asset Management,Q2 2026,2026-06-30,PH,Parker-Hannifin Corp,Reduced,-242.3,-98.8,EDGAR 13F 自动生成，待人工复核,披露日: 2026-08-14
13F Hedge Funds,Point72 Asset Management,Q2 2026,2026-06-30,ROST,"Ross Stores, Inc",Reduced,-240.9,-99.6,EDGAR 13F 自动生成，待人工复核,披露日: 2026-08-14
13F Hedge Funds,Point72 Asset Management,Q2 2026,2026-06-30,VSH,Vishay Intertechnology Inc,Added,238.3,182.6,EDGAR 13F 自动生成，待人工复核,披露日: 2026-08-14
13F Hedge Funds,Point72 Asset Management,Q2 2026,2026-06-30,ATO,Atmos Energy Corp,New Position,234.5,,EDGAR 13F 自动生成，待人工复核,披露日: 2026-08-14
13F Hedge Funds,Point72 Asset Management,Q2 2026,2026-06-30,DHR,Danaher,Reduced,-227.1,-97.9,EDGAR 13F 自动生成，待人工复核,披露日: 2026-08-14
13F Hedge Funds,Point72 Asset Management,Q2 2026,2026-06-30,STM,STMicroelectronics,Added,221.8,582.5,EDGAR 13F 自动生成，待人工复核,披露日: 2026-08-14
13F Hedge Funds,Point72 Asset Management,Q2 2026,2026-06-30,MA,Mastercard,Added,221.7,392.7,EDGAR 13F 自动生成，待人工复核,披露日: 2026-08-14
13F Hedge Funds,Point72 Asset Management,Q2 2026,2026-06-30,ADI,Analog Devices Inc,Reduced,-217.7,-68.0,EDGAR 13F 自动生成，待人工复核,披露日: 2026-08-14
13F Hedge Funds,Point72 Asset Management,Q2 2026,2026-06-30,PINS,"Pinterest, Inc",Added,216.2,727.6,EDGAR 13F 自动生成，待人工复核,披露日: 2026-08-14
13F Hedge Funds,Point72 Asset Management,Q2 2026,2026-06-30,GLD,Spdr Gold Trust,Reduced,-214.8,-70.5,EDGAR 13F 自动生成，待人工复核,披露日: 2026-08-14
13F Hedge Funds,Point72 Asset Management,Q2 2026,2026-06-30,LSCC,Lattice Semiconductor Corp,Added,214.4,902.5,EDGAR 13F 自动生成，待人工复核,披露日: 2026-08-14
13F Hedge Funds,Point72 Asset Management,Q2 2026,2026-06-30,FLEX,Flex Ltd,Added,212.5,2648.9,EDGAR 13F 自动生成，待人工复核,披露日: 2026-08-14
13F Hedge Funds,Point72 Asset Management,Q2 2026,2026-06-30,LNG,"Cheniere Energy, Inc",Added,212.4,7185.9,EDGAR 13F 自动生成，待人工复核,披露日: 2026-08-14
13F Hedge Funds,Point72 Asset Management,Q2 2026,2026-06-30,CVS,CVS HEALTH Corp,Added,197.7,974.5,EDGAR 13F 自动生成，待人工复核,披露日: 2026-08-14
13F Hedge Funds,Point72 Asset Management,Q2 2026,2026-06-30,EQIX,Equinix Inc,Reduced,-195.5,-41.0,EDGAR 13F 自动生成，待人工复核,披露日: 2026-08-14
13F Hedge Funds,Point72 Asset Management,Q2 2026,2026-06-30,BUD,Anheuser-Busch InBev,Added,192.1,1364.6,EDGAR 13F 自动生成，待人工复核,披露日: 2026-08-14
13F Hedge Funds,Appaloosa Management,Q2 2026,2026-06-30,MU,Micron,Reduced,562.9,-41.4,EDGAR 13F 自动生成，待人工复核,披露日: 2026-08-14
13F Hedge Funds,Appaloosa Management,Q2 2026,2026-06-30,TSM,TSMC ADR,Added,339.4,24.3,EDGAR 13F 自动生成，待人工复核,披露日: 2026-08-14
13F Hedge Funds,Appaloosa Management,Q2 2026,2026-06-30,AMZN,Amazon,Added,292.0,15.7,EDGAR 13F 自动生成，待人工复核,披露日: 2026-08-14
13F Hedge Funds,Appaloosa Management,Q2 2026,2026-06-30,BABA,Alibaba,Reduced,-242.8,-42.3,EDGAR 13F 自动生成，待人工复核,披露日: 2026-08-14
13F Hedge Funds,Appaloosa Management,Q2 2026,2026-06-30,AAPL,Apple,New Position,241.6,,EDGAR 13F 自动生成，待人工复核,披露日: 2026-08-14
13F Hedge Funds,Appaloosa Management,Q2 2026,2026-06-30,ISHARES INC,Ishares Inc,Added,194.4,1.0,EDGAR 13F 自动生成，待人工复核,披露日: 2026-08-14
13F Hedge Funds,Appaloosa Management,Q2 2026,2026-06-30,SNDK,SanDisk,Exited,-178.7,-100,EDGAR 13F 自动生成，待人工复核,披露日: 2026-08-14
13F Hedge Funds,Appaloosa Management,Q2 2026,2026-06-30,BA,Boeing Co,New Position,173.2,,EDGAR 13F 自动生成，待人工复核,披露日: 2026-08-14
13F Hedge Funds,Appaloosa Management,Q2 2026,2026-06-30,GOOG,Alphabet C,Added,156.6,6.8,EDGAR 13F 自动生成，待人工复核,披露日: 2026-08-14
13F Hedge Funds,Appaloosa Management,Q2 2026,2026-06-30,GLW,Corning,Exited,-153.6,-100,EDGAR 13F 自动生成，待人工复核,披露日: 2026-08-14
13F Hedge Funds,Appaloosa Management,Q2 2026,2026-06-30,AAL,American Airlines Group Inc,New Position,135.5,,EDGAR 13F 自动生成，待人工复核,披露日: 2026-08-14
13F Hedge Funds,Appaloosa Management,Q2 2026,2026-06-30,META,Meta Platforms,Added,130.5,54.6,EDGAR 13F 自动生成，待人工复核,披露日: 2026-08-14
13F Hedge Funds,Appaloosa Management,Q2 2026,2026-06-30,CRWV,"CoreWeave, Inc",New Position,107.3,,EDGAR 13F 自动生成，待人工复核,披露日: 2026-08-14
13F Hedge Funds,Appaloosa Management,Q2 2026,2026-06-30,UBER,"Uber Technologies, Inc",Added,99.7,21.5,EDGAR 13F 自动生成，待人工复核,披露日: 2026-08-14
13F Hedge Funds,Appaloosa Management,Q2 2026,2026-06-30,PDD,PDD Holdings Inc,Exited,-92.0,-100,EDGAR 13F 自动生成，待人工复核,披露日: 2026-08-14
13F Hedge Funds,Appaloosa Management,Q2 2026,2026-06-30,WHR,Whirlpool,Reduced,-77.0,-63.3,EDGAR 13F 自动生成，待人工复核,披露日: 2026-08-14
13F Hedge Funds,Appaloosa Management,Q2 2026,2026-06-30,BIDU,Baidu,Added,70.9,87.1,EDGAR 13F 自动生成，待人工复核,披露日: 2026-08-14
13F Hedge Funds,Appaloosa Management,Q2 2026,2026-06-30,AMD,AMD,Reduced,69.7,-10.8,EDGAR 13F 自动生成，待人工复核,披露日: 2026-08-14
13F Hedge Funds,Appaloosa Management,Q2 2026,2026-06-30,LHX,L3Harris,Exited,-68.3,-100,EDGAR 13F 自动生成，待人工复核,披露日: 2026-08-14
13F Hedge Funds,Appaloosa Management,Q2 2026,2026-06-30,RTX,RTX Corp,Exited,-66.0,-100,EDGAR 13F 自动生成，待人工复核,披露日: 2026-08-14
13F Hedge Funds,Appaloosa Management,Q2 2026,2026-06-30,AVGO,Broadcom,New Position,56.7,,EDGAR 13F 自动生成，待人工复核,披露日: 2026-08-14
13F Hedge Funds,Appaloosa Management,Q2 2026,2026-06-30,BALL,BALL Corp,Exited,-49.5,-100,EDGAR 13F 自动生成，待人工复核,披露日: 2026-08-14
13F Hedge Funds,Appaloosa Management,Q2 2026,2026-06-30,NVDA,Nvidia,Added,48.5,3.6,EDGAR 13F 自动生成，待人工复核,披露日: 2026-08-14
13F Hedge Funds,Appaloosa Management,Q2 2026,2026-06-30,VST,Vistra Corp,Added,47.4,9.5,EDGAR 13F 自动生成，待人工复核,披露日: 2026-08-14
13F Hedge Funds,Appaloosa Management,Q2 2026,2026-06-30,JD,JD.com,Exited,-38.6,-100,EDGAR 13F 自动生成，待人工复核,披露日: 2026-08-14
13F Hedge Funds,Appaloosa Management,Q2 2026,2026-06-30,SPCX,SpaceX,New Position,38.4,,EDGAR 13F 自动生成，待人工复核,披露日: 2026-08-14
13F Hedge Funds,Appaloosa Management,Q2 2026,2026-06-30,LYFT,"Lyft, Inc",Exited,-35.9,-100,EDGAR 13F 自动生成，待人工复核,披露日: 2026-08-14
13F Hedge Funds,Appaloosa Management,Q2 2026,2026-06-30,ASML,ASML Holding,Added,34.1,1.0,EDGAR 13F 自动生成，待人工复核,披露日: 2026-08-14
13F Hedge Funds,Appaloosa Management,Q2 2026,2026-06-30,MSFT,Microsoft,Exited,-33.3,-100,EDGAR 13F 自动生成，待人工复核,披露日: 2026-08-14
13F Hedge Funds,Appaloosa Management,Q2 2026,2026-06-30,KRANESHARES TRUST,Kraneshares Trust,Exited,-30.7,-100,EDGAR 13F 自动生成，待人工复核,披露日: 2026-08-14
13F Hedge Funds,Appaloosa Management,Q2 2026,2026-06-30,UNH,UnitedHealth,Exited,-24.4,-100,EDGAR 13F 自动生成，待人工复核,披露日: 2026-08-14
13F Hedge Funds,Appaloosa Management,Q2 2026,2026-06-30,QCOM,Qualcomm,Reduced,-18.0,-49.9,EDGAR 13F 自动生成，待人工复核,披露日: 2026-08-14
13F Hedge Funds,Appaloosa Management,Q2 2026,2026-06-30,BRK.B,Berkshire B,New Position,12.5,,EDGAR 13F 自动生成，待人工复核,披露日: 2026-08-14
13F Hedge Funds,Appaloosa Management,Q2 2026,2026-06-30,GT,Goodyear,New Position,10.0,,EDGAR 13F 自动生成，待人工复核,披露日: 2026-08-14
13F Hedge Funds,Appaloosa Management,Q2 2026,2026-06-30,DB,Deutsche Bank,Exited,-7.7,-100,EDGAR 13F 自动生成，待人工复核,披露日: 2026-08-14
13F Hedge Funds,Appaloosa Management,Q2 2026,2026-06-30,NRG,"Nrg Energy, Inc",Added,3.6,1.5,EDGAR 13F 自动生成，待人工复核,披露日: 2026-08-14
Alternative Assets,Blackstone,Q2 2026,2026-06-30,SPCX,SpaceX,New Position,2653.9,,EDGAR 13F 自动生成，待人工复核,披露日: 2026-08-14
Alternative Assets,Blackstone,Q2 2026,2026-06-30,SPY,SPDR S&P 500 ETF Trust,Added,2339.0,150.5,EDGAR 13F 自动生成，待人工复核,披露日: 2026-08-14
Alternative Assets,Blackstone,Q2 2026,2026-06-30,DLR,"Digital Realty Trust, Inc",New Position,2211.3,,EDGAR 13F 自动生成，待人工复核,披露日: 2026-08-14
Alternative Assets,Blackstone,Q2 2026,2026-06-30,TRP,TC Energy,Reduced,-309.1,-78.2,EDGAR 13F 自动生成，待人工复核,披露日: 2026-08-14
Alternative Assets,Blackstone,Q2 2026,2026-06-30,OKE,Oneok Inc,Reduced,-276.7,-89.2,EDGAR 13F 自动生成，待人工复核,披露日: 2026-08-14
Alternative Assets,Blackstone,Q2 2026,2026-06-30,LNG,"Cheniere Energy, Inc",Reduced,-242.3,-35.2,EDGAR 13F 自动生成，待人工复核,披露日: 2026-08-14
Alternative Assets,Blackstone,Q2 2026,2026-06-30,LGN,Legence Corp,Reduced,229.2,-23.1,EDGAR 13F 自动生成，待人工复核,披露日: 2026-08-14
Alternative Assets,Blackstone,Q2 2026,2026-06-30,QQQ,Invesco QQQ Trust,Exited,-213.0,-100,EDGAR 13F 自动生成，待人工复核,披露日: 2026-08-14
Alternative Assets,Blackstone,Q2 2026,2026-06-30,VG,"Venture Global, Inc",Added,155.9,7045.6,EDGAR 13F 自动生成，待人工复核,披露日: 2026-08-14
Alternative Assets,Blackstone,Q2 2026,2026-06-30,MPLX,Mplx,Reduced,-146.2,-15.6,EDGAR 13F 自动生成，待人工复核,披露日: 2026-08-14
Alternative Assets,Blackstone,Q2 2026,2026-06-30,ALPHABET INC,Alphabet Inc,New Position,139.7,,EDGAR 13F 自动生成，待人工复核,披露日: 2026-08-14
Alternative Assets,Blackstone,Q2 2026,2026-06-30,ALPHABET INC,Alphabet Inc,New Position,130.6,,EDGAR 13F 自动生成，待人工复核,披露日: 2026-08-14
Alternative Assets,Blackstone,Q2 2026,2026-06-30,KMI,"Kinder Morgan, Inc",Added,130.3,24.3,EDGAR 13F 自动生成，待人工复核,披露日: 2026-08-14
Alternative Assets,Blackstone,Q2 2026,2026-06-30,TRGP,Targa Resources Corp,Added,127.8,7.8,EDGAR 13F 自动生成，待人工复核,披露日: 2026-08-14
Alternative Assets,Blackstone,Q2 2026,2026-06-30,AVB,Avalonbay Communities Inc,Added,119.4,122.7,EDGAR 13F 自动生成，待人工复核,披露日: 2026-08-14
Alternative Assets,Blackstone,Q2 2026,2026-06-30,ISHARES TR,Ishares Tr,Reduced,-106.2,-79.7,EDGAR 13F 自动生成，待人工复核,披露日: 2026-08-14
Alternative Assets,Blackstone,Q2 2026,2026-06-30,LRCX,Lam Research,Added,99.1,8245.4,EDGAR 13F 自动生成，待人工复核,披露日: 2026-08-14
Alternative Assets,Blackstone,Q2 2026,2026-06-30,CWAN,Clearwater Analytics,Exited,-96.2,-100,EDGAR 13F 自动生成，待人工复核,披露日: 2026-08-14
Alternative Assets,Blackstone,Q2 2026,2026-06-30,WES,"Western Midstream Partners, LP",Added,93.2,18.4,EDGAR 13F 自动生成，待人工复核,披露日: 2026-08-14
Alternative Assets,Blackstone,Q2 2026,2026-06-30,HESM,Hess Midstream LP,Reduced,-84.4,-25.5,EDGAR 13F 自动生成，待人工复核,披露日: 2026-08-14
Alternative Assets,Blackstone,Q2 2026,2026-06-30,ET,Energy Transfer LP,Added,83.5,15.0,EDGAR 13F 自动生成，待人工复核,披露日: 2026-08-14
Alternative Assets,Blackstone,Q2 2026,2026-06-30,EPD,Enterprise Products,Added,74.9,12.6,EDGAR 13F 自动生成，待人工复核,披露日: 2026-08-14
Alternative Assets,Blackstone,Q2 2026,2026-06-30,GTLS,Chart Industries,Reduced,-72.7,-97.8,EDGAR 13F 自动生成，待人工复核,披露日: 2026-08-14
Alternative Assets,Blackstone,Q2 2026,2026-06-30,CRWV,"CoreWeave, Inc",New Position,67.2,,EDGAR 13F 自动生成，待人工复核,披露日: 2026-08-14
Alternative Assets,Blackstone,Q2 2026,2026-06-30,FPS,"Forgent Power Solutions, Inc",Added,59.7,138.3,EDGAR 13F 自动生成，待人工复核,披露日: 2026-08-14
Alternative Assets,Blackstone,Q2 2026,2026-06-30,PTEN,Patterson Uti Energy Inc,Reduced,-58.0,-70.5,EDGAR 13F 自动生成，待人工复核,披露日: 2026-08-14
Alternative Assets,Blackstone,Q2 2026,2026-06-30,CBRS,Cerebras Systems Inc,New Position,48.6,,EDGAR 13F 自动生成，待人工复核,披露日: 2026-08-14
Alternative Assets,Blackstone,Q2 2026,2026-06-30,EQT,EQT Corp,Reduced,-47.8,-99.4,EDGAR 13F 自动生成，待人工复核,披露日: 2026-08-14
Alternative Assets,Blackstone,Q2 2026,2026-06-30,WMB,Williams Companies,Added,46.5,1.6,EDGAR 13F 自动生成，待人工复核,披露日: 2026-08-14
Alternative Assets,Blackstone,Q2 2026,2026-06-30,NFG,National Fuel Gas Co,Added,40.3,110.6,EDGAR 13F 自动生成，待人工复核,披露日: 2026-08-14
Alternative Assets,Blackstone,Q2 2026,2026-06-30,PAA,Plains All American,Added,30.8,7.7,EDGAR 13F 自动生成，待人工复核,披露日: 2026-08-14
Alternative Assets,Blackstone,Q2 2026,2026-06-30,SPDR SERIES TRUST,Spdr Series Trust,New Position,30.6,,EDGAR 13F 自动生成，待人工复核,披露日: 2026-08-14
Alternative Assets,Blackstone,Q2 2026,2026-06-30,GAMESTOP CORP,Gamestop Corp,New Position,30.5,,EDGAR 13F 自动生成，待人工复核,披露日: 2026-08-14
Alternative Assets,Blackstone,Q2 2026,2026-06-30,AMD,AMD,Reduced,-29.5,-83.3,EDGAR 13F 自动生成，待人工复核,披露日: 2026-08-14
Alternative Assets,Blackstone,Q2 2026,2026-06-30,AEROVIRONMENT INC,Aerovironment Inc,New Position,28.7,,EDGAR 13F 自动生成，待人工复核,披露日: 2026-08-14
Alternative Assets,Blackstone,Q2 2026,2026-06-30,BMBL,Bumble Inc,Reduced,-25.7,-25.0,EDGAR 13F 自动生成，待人工复核,披露日: 2026-08-14
Alternative Assets,Blackstone,Q2 2026,2026-06-30,NVT,nVent Electric plc,Reduced,-24.6,-52.7,EDGAR 13F 自动生成，待人工复核,披露日: 2026-08-14
Alternative Assets,Blackstone,Q2 2026,2026-06-30,ENB,Enbridge,Reduced,-24.2,-3.3,EDGAR 13F 自动生成，待人工复核,披露日: 2026-08-14
Alternative Assets,Blackstone,Q2 2026,2026-06-30,VNOM,"Viper Energy, Inc",Exited,-23.5,-100,EDGAR 13F 自动生成，待人工复核,披露日: 2026-08-14
Alternative Assets,Blackstone,Q2 2026,2026-06-30,ARTV,"Artiva Biotherapeutics, Inc",New Position,23.3,,EDGAR 13F 自动生成，待人工复核,披露日: 2026-08-14
Alternative Assets,Apollo Global Management,Q2 2026,2026-06-30,ISHARES TR,Ishares Tr,Added,879.4,207.7,EDGAR 13F 自动生成，待人工复核,披露日: 2026-08-14
Alternative Assets,Apollo Global Management,Q2 2026,2026-06-30,VANECK ETF TRUST,Vaneck Etf Trust,Exited,-766.8,-100,EDGAR 13F 自动生成，待人工复核,披露日: 2026-08-14
Alternative Assets,Apollo Global Management,Q2 2026,2026-06-30,ADT,ADT Inc,Exited,-670.1,-100,EDGAR 13F 自动生成，待人工复核,披露日: 2026-08-14
Alternative Assets,Apollo Global Management,Q2 2026,2026-06-30,SPCX,SpaceX,New Position,345.7,,EDGAR 13F 自动生成，待人工复核,披露日: 2026-08-14
Alternative Assets,Apollo Global Management,Q2 2026,2026-06-30,JPM,JPMorgan,Exited,-328.0,-100,EDGAR 13F 自动生成，待人工复核,披露日: 2026-08-14
Alternative Assets,Apollo Global Management,Q2 2026,2026-06-30,NVDA,Nvidia,Added,233.5,45.5,EDGAR 13F 自动生成，待人工复核,披露日: 2026-08-14
Alternative Assets,Apollo Global Management,Q2 2026,2026-06-30,PRMB,Primo Brands Corp,New Position,168.3,,EDGAR 13F 自动生成，待人工复核,披露日: 2026-08-14
Alternative Assets,Apollo Global Management,Q2 2026,2026-06-30,ECHO,EchoStar CORP,Added,154.8,96.3,EDGAR 13F 自动生成，待人工复核,披露日: 2026-08-14
Alternative Assets,Apollo Global Management,Q2 2026,2026-06-30,ECHOSTAR CORP,Echostar Corp,Added,141.6,34.2,EDGAR 13F 自动生成，待人工复核,披露日: 2026-08-14
Alternative Assets,Apollo Global Management,Q2 2026,2026-06-30,CORZ,Core Scientific,New Position,115.7,,EDGAR 13F 自动生成，待人工复核,披露日: 2026-08-14
Alternative Assets,Apollo Global Management,Q2 2026,2026-06-30,TSM,TSMC ADR,New Position,95.5,,EDGAR 13F 自动生成，待人工复核,披露日: 2026-08-14
Alternative Assets,Apollo Global Management,Q2 2026,2026-06-30,GPC,Genuine Parts Co,New Position,88.3,,EDGAR 13F 自动生成，待人工复核,披露日: 2026-08-14
Alternative Assets,Apollo Global Management,Q2 2026,2026-06-30,GBTG,"Global Business Travel Group, Inc",Reduced,76.2,-5.1,EDGAR 13F 自动生成，待人工复核,披露日: 2026-08-14
Alternative Assets,Apollo Global Management,Q2 2026,2026-06-30,CMCSA,Comcast,Reduced,-75.2,-53.7,EDGAR 13F 自动生成，待人工复核,披露日: 2026-08-14
Alternative Assets,Apollo Global Management,Q2 2026,2026-06-30,KMX,Carmax Inc,Reduced,-67.3,-52.1,EDGAR 13F 自动生成，待人工复核,披露日: 2026-08-14
Alternative Assets,Apollo Global Management,Q2 2026,2026-06-30,HGV,Hilton Grand Vacations Inc,Reduced,-59.4,-31.5,EDGAR 13F 自动生成，待人工复核,披露日: 2026-08-14
Alternative Assets,Apollo Global Management,Q2 2026,2026-06-30,VOO,Vanguard S&P 500 ETF,Added,53.9,0.3,EDGAR 13F 自动生成，待人工复核,披露日: 2026-08-14
Alternative Assets,Apollo Global Management,Q2 2026,2026-06-30,ARES,Ares Management Corp,Exited,-36.0,-100,EDGAR 13F 自动生成，待人工复核,披露日: 2026-08-14
Alternative Assets,Apollo Global Management,Q2 2026,2026-06-30,UNIT,Uniti Group Inc,Added,35.1,14.7,EDGAR 13F 自动生成，待人工复核,披露日: 2026-08-14
Alternative Assets,Apollo Global Management,Q2 2026,2026-06-30,PHOENIX ED PARTNERS INC,Phoenix Ed Partners Inc,Added,34.6,0.0,EDGAR 13F 自动生成，待人工复核,披露日: 2026-08-14
Alternative Assets,Apollo Global Management,Q2 2026,2026-06-30,INVH,Invitation Homes Inc,Added,28.6,29.2,EDGAR 13F 自动生成，待人工复核,披露日: 2026-08-14
Alternative Assets,Apollo Global Management,Q2 2026,2026-06-30,OC,Owens Corning,Exited,-26.0,-100,EDGAR 13F 自动生成，待人工复核,披露日: 2026-08-14
Alternative Assets,Apollo Global Management,Q2 2026,2026-06-30,TPG,Tpg,Reduced,-25.2,-24.7,EDGAR 13F 自动生成，待人工复核,披露日: 2026-08-14
Alternative Assets,Apollo Global Management,Q2 2026,2026-06-30,MHK,Mohawk Industries Inc,Exited,-23.8,-100,EDGAR 13F 自动生成，待人工复核,披露日: 2026-08-14
Alternative Assets,Apollo Global Management,Q2 2026,2026-06-30,BLDR,"Builders FirstSource, Inc",Exited,-23.7,-100,EDGAR 13F 自动生成，待人工复核,披露日: 2026-08-14
Alternative Assets,Apollo Global Management,Q2 2026,2026-06-30,FCX,Freeport-Mcmoran Inc,New Position,22.8,,EDGAR 13F 自动生成，待人工复核,披露日: 2026-08-14
Alternative Assets,Apollo Global Management,Q2 2026,2026-06-30,CNXC,Concentrix Corp,Exited,-22.7,-100,EDGAR 13F 自动生成，待人工复核,披露日: 2026-08-14
Alternative Assets,Apollo Global Management,Q2 2026,2026-06-30,JHX,James Hardie,Exited,-22.3,-100,EDGAR 13F 自动生成，待人工复核,披露日: 2026-08-14
Alternative Assets,Apollo Global Management,Q2 2026,2026-06-30,MBC,"MasterBrand, Inc",Exited,-21.9,-100,EDGAR 13F 自动生成，待人工复核,披露日: 2026-08-14
Alternative Assets,Apollo Global Management,Q2 2026,2026-06-30,SSGA ACTIVE TR,Ssga Active Tr,Added,19.9,100.0,EDGAR 13F 自动生成，待人工复核,披露日: 2026-08-14
Alternative Assets,Apollo Global Management,Q2 2026,2026-06-30,CCJ,Cameco Corp,New Position,14.8,,EDGAR 13F 自动生成，待人工复核,披露日: 2026-08-14
Alternative Assets,Apollo Global Management,Q2 2026,2026-06-30,CHTR,Charter Communications,New Position,10.6,,EDGAR 13F 自动生成，待人工复核,披露日: 2026-08-14
Alternative Assets,Apollo Global Management,Q2 2026,2026-06-30,SSGA ACTIVE TR,Ssga Active Tr,Added,10.0,92.0,EDGAR 13F 自动生成，待人工复核,披露日: 2026-08-14
Alternative Assets,Apollo Global Management,Q2 2026,2026-06-30,OVV,Ovintiv Inc,New Position,9.2,,EDGAR 13F 自动生成，待人工复核,披露日: 2026-08-14
Alternative Assets,Apollo Global Management,Q2 2026,2026-06-30,DVN,Devon Energy,New Position,9.1,,EDGAR 13F 自动生成，待人工复核,披露日: 2026-08-14
Alternative Assets,Apollo Global Management,Q2 2026,2026-06-30,LINE,"Lineage, Inc",Added,8.9,75.1,EDGAR 13F 自动生成，待人工复核,披露日: 2026-08-14
Alternative Assets,Apollo Global Management,Q2 2026,2026-06-30,OPI,Office Properties Income Trust,New Position,8.8,,EDGAR 13F 自动生成，待人工复核,披露日: 2026-08-14
Alternative Assets,Apollo Global Management,Q2 2026,2026-06-30,OPTU,"Optimum Communications, Inc",Exited,-7.9,-100,EDGAR 13F 自动生成，待人工复核,披露日: 2026-08-14
Alternative Assets,Apollo Global Management,Q2 2026,2026-06-30,CYH,Community Health Systems Inc,Added,5.8,3.2,EDGAR 13F 自动生成，待人工复核,披露日: 2026-08-14
Alternative Assets,Apollo Global Management,Q2 2026,2026-06-30,VG,"Venture Global, Inc",New Position,5.6,,EDGAR 13F 自动生成，待人工复核,披露日: 2026-08-14
AI Core Holdings,NVIDIA,Q2 2026,2026-06-30,SPCX,SpaceX,New Position,20975.6,,EDGAR 13F 自动生成，待人工复核,披露日: 2026-08-14
